team_id,elo_rating
627,1525.3513303296193
4396,1559.9409903801427
658,1487.1987000039423
1928,1544.2189042156424
4895,1451.3749040856294
2621,1522.0108093687668
6723,1545.82043279427
655,1515.5583977567253
4388,1583.2159057691435
469,1536.102370134031
2845,1497.8017871250238
4380,1550.3608042808207
6724,1509.9258682454263
4398,1456.9364012035821
2917,1484.4415671997808
4356,1492.9347516861476
624,1626.358655810044
142,1657.2288059262933
2950,1547.755805851033
4375,1466.0978064080782
451,1520.7422278541196
124,1750.14904668791
140,1650.2015217039336
4381,1485.2508356159085
628,1554.4098030681016
989,1619.3408302683376
132,1931.373551709139
139,1600.6514549895403
2428,1537.0458076861692
4397,1490.482913276063
2841,1532.6680921117827
2850,1550.2407231470056
653,1591.278978783455
4789,1549.6153401819818
8600,1444.1127388693078
659,1517.0308241471737
8940,1494.5404506505506
2849,1558.0576312131623
8602,1399.2542215671267
8939,1491.8757417506906
6640,1436.205766008944
148,1768.2534550640353
3708,1480.0432554839424
127,1579.5198444314237
2620,1533.6192849115805
5778,1506.812469010095
2570,1494.5519024519813
6167,1489.6091185473197
2847,1531.4872347251426
657,1539.7263214449304
4245,1486.6752303679787
2405,1560.5572632748754
654,1592.4712991211884
8937,1482.1844720666752
4469,1472.5816410248294
6725,1487.4103576282973
559,1458.8791280859152
7349,1663.1841559575946
4277,1475.7686013420707
656,1555.972619778101
8938,1476.0597278788457
5775,1483.1431863749438
5779,1443.005499604772
467,1571.1880572105629
2597,1504.6183328371192
2869,1656.587898562961
841,1460.629413843347
466,1531.2549743393681
444,1373.1212104844824
21173,1608.6563623769207
22169,1489.2019499940866
2790,1578.729258559173
10388,1594.1356033917657
10743,1555.8618577444936
5,1647.23283567749
2652,1539.3238707933308
470,1481.0044944727279
18134,1456.7313507125352
10265,1389.5565938871855
6086,1672.0976711985304
4786,1495.4006429470935
819,1800.4135624177477
15502,1376.7040480165278
215,1567.2345397838533
220,1592.6873512889047
16,1644.1789097571493
6087,1511.577588996272
20855,1529.3840994782045
3454,1615.5208105090157
900,1481.5471626669264
4806,1449.540890695763
3445,1692.9205674774896
4815,1554.9956483388064
5484,1561.840797042191
2980,1647.2227694301414
4211,1533.5430452874293
21313,1438.9277158984958
5584,1523.672707642168
9773,1564.3107152956634
10309,1607.721326216425
2675,1498.5236791128686
7465,1442.2177197649983
2650,1492.707895364671
20232,1671.4956695765811
5486,1475.403088120662
2672,1424.7614915210681
22170,1503.0851414909682
17131,1505.8090525051143
6273,1592.1033987536525
20308,1520.473928363783
18209,1446.4515558244716
660,1484.9624513729455
472,1533.2364060091488
6079,1543.7369716439953
18128,1436.7027725888256
2919,1592.7946529085136
5480,1405.7630495331173
5583,1427.8497280651509
6097,1508.5955100850645
10281,1453.7518817309938
2674,1559.0600688564637
234,1508.4739888829088
7389,1451.6036223781057
7391,1457.285644442836
17134,1451.0992172994245
7388,1445.5254423762824
20899,1424.638955902263
6270,1537.7602303661945
20307,1503.5044942310235
20304,1490.4680246091332
2026,1633.2076485909147
17720,1453.0641421678824
5489,1614.8765833193925
4928,1559.3983163304226
3459,1554.9535681608875
9169,1688.176569730417
21316,1449.3681723355558
4820,1371.3151064285394
19,1515.564570630652
8109,1624.5479592095091
9762,1513.5768481427358
18127,1581.198536701265
2029,1784.7357740155235
1936,1610.5764214018986
10266,1456.644473666181
11268,1534.850252350586
4774,1417.3790266340104
20305,1468.3442415272966
20306,1488.7776963742392
874,1676.400368462389
3448,1478.232387416191
18963,1429.8385147764207
4773,1470.034821757167
2690,1691.5527354454339
2671,1649.2964112080667
7466,1539.4639029002412
21369,1476.4591368777938
4935,1496.8330726845352
18232,1586.5387494646272
20303,1582.9970493558012
6137,1635.0842330508392
7385,1608.0707644835945
2670,1548.8522602218277
5264,1722.4063774850172
9761,1523.00275381381
185,1508.119441325851
7445,1323.295340441072
5481,1452.4547214909064
5485,1473.9197847967982
5488,1593.891688066143
18212,1506.3542272859715
793,1569.0126884893505
104,1690.2654609081565
18218,1496.7580012503604
4910,1389.2309210810963
2022,1738.9407835308684
17339,1454.0738763254076
9460,1462.6457096923177
20851,1488.5599828132838
4905,1485.7366452984145
18396,1485.037194724012
22142,1457.3212216012994
18900,1403.4643099503087
7632,1666.0622438466535
7767,1540.0956539347465
10158,1442.331521625408
6154,1542.8551252961342
20852,1421.8038685838833
2975,1467.5862545820942
17702,1560.5578434165745
8,1566.9918262512406
22166,1477.4937524229235
9785,1468.275400547149
17,1643.787965321791
11989,1574.2531051475312
14,1471.0544173932615
10122,1389.7291126158773
21819,1503.22136888264
10060,1518.9488602819804
21,1584.0932751248974
9,1469.8946915686627
7312,1583.0474734996951
11995,1636.2394080251331
9744,1523.738739959568
11,1585.1075038603558
235,1455.1374952968872
10,1518.3821544519394
9659,1506.221254940714
2673,1610.1911876334361
21314,1513.6074152544345
18,1539.4518451477488
12,1666.321575889635
7764,1518.1036528193506
10318,1480.0320189261224
5570,1421.758884193704
15,1654.4254978507968
20,1520.3189788832171
3372,1525.124218034783
18153,1418.213862419645
20293,1465.6696238030172
5267,1531.955338895313
6756,1465.7895319421589
8950,1470.1155229400008
19433,1433.6495300033175
2685,1721.2048181872383
3,1608.900544834525
4,1553.5066102731923
2680,1636.9623620467185
5567,1382.3362842382478
929,1769.4293174874053
22168,1479.556417018407
11324,1320.971247112399
22171,1473.4460202279677
817,1735.598621887776
4811,1493.6348435731818
17090,1608.0926666592118
13913,1548.212117515769
10374,1493.7273016824663
17699,1535.6667529783588
17694,1413.047105257791
17371,1327.7828809166394
17374,1464.510341800605
18995,1535.8337695286732
6037,1611.7976289999376
10054,1511.7885935127847
14074,1479.6680435488752
10105,1659.9735669649729
10048,1509.181916569501
17692,1500.7473493249695
17700,1533.5883521725295
11990,1490.4102049403368
10157,1467.2487540148427
5487,1456.7717983358357
5482,1530.3240838497154
214,1609.9324025176381
21850,1393.6863037624096
6762,1406.352207924664
6272,1528.4894217756455
7634,1465.2844062297086
7633,1588.6285719536904
17317,1526.0250052522356
9786,1517.6297801152673
10163,1557.1911744074644
10145,1484.4935958196947
10107,1469.8161802527588
10149,1577.581459096283
10052,1480.5835220236497
17695,1497.4213369636361
10053,1329.8162805469453
10051,1468.3134746790956
10152,1572.8336279845482
6,1489.1257745916853
11978,1514.2039956333313
10154,1560.026999154415
10147,1457.403899501338
10148,1585.4792644018785
10101,1519.7255261288508
6499,1575.1466137885502
10110,1351.7112204221655
7915,1516.1883425085935
17372,1417.2919084809105
9774,1340.8833710470876
9769,1361.5828804127011
21500,1429.1920247021824
17701,1569.307550781206
17352,1607.3180042630204
9743,1484.509718800312
10161,1361.2983890488522
10058,1528.7114359949712
17373,1368.6560776179317
9770,1397.0469357942254
5479,1545.009004108755
22184,1518.3683687017594
6041,1456.5380670353688
13481,1447.3004311033285
6214,1437.4200731541675
9970,1534.7165158060852
4902,1460.8543082433775
17709,1475.266351759805
2741,1504.1005337677736
10162,1540.197884194919
236,1496.7071107740187
2,1424.497916915613
17814,1539.8666365357726
5263,1548.0026801544682
9739,1489.8313050683726
9747,1422.5301770301203
10064,1473.6958173436403
13,1476.1891619220671
7,1410.5203719806884
17697,1332.3847258829371
20887,1361.9906328253926
6763,1433.3071053485426
2404,1476.40876813341
9967,1662.2898287834344
7635,1461.3975393299831
18433,1484.7311756827305
3457,1530.3748978243664
11963,1510.4296848850279
10061,1490.135719089661
18844,1658.1187662874077
17349,1614.7279128711427
10115,1409.7722003527786
17707,1425.5242162321767
10099,1407.5359237730434
10111,1353.8679809508226
10114,1366.2327413230585
11674,1398.2235945826046
19145,1474.0520002253625
2635,1455.3535823033292
18284,1496.8033605378516
17705,1446.294185910719
17703,1520.04389846738
4818,1587.9280345950338
6038,1411.0204406924643
9740,1445.952266859851
10146,1519.1885137370882
17704,1454.6425592783871
17693,1499.3513072575504
18156,1424.4319756621344
21967,1577.537939899038
17370,1357.1053251537512
6101,1575.3594936414443
9965,1437.024886123029
9303,1491.887307536746
7845,1501.1696705694176
19143,1428.274030610405
18191,1469.0711403992204
9969,1591.3584179373377
11972,1611.7172697063165
10151,1520.963154057201
21849,1416.055325069856
10094,1548.4105593608713
19685,1579.173615089014
18260,1611.4115368936161
10103,1436.9371466041955
10156,1523.5623610439272
17698,1436.2532919908817
10100,1384.4403933621768
17706,1573.1690390622687
17696,1517.5138659960623
623,1391.4746075425023
17708,1526.616374464018
1007,1536.646445936263
7257,1479.0699229753484
9945,1536.2152250355962
227,1653.3947425089514
7477,1627.7294332530957
862,1551.180914943154
223,1722.285084324602
6046,1455.6347885257724
20026,1452.2667682075567
219,1558.0201018249502
9727,1624.179149630088
232,1642.8972892288568
6017,1509.2305456499826
10109,1653.6701165464165
22205,1477.1762739878056
22173,1489.4877360997432
12011,1556.4142540593396
189,1407.4775379440905
10102,1552.5380145589604
10046,1429.8753065671701
615,1530.580307186494
7601,1473.6930219178112
2564,1587.2928078375305
2559,1373.5475779424066
7587,1462.741773475739
7588,1572.8418994421488
2712,1591.8105034004382
6741,1487.3844125022808
18968,1437.492652885265
20297,1551.8397007853034
2684,1729.7596279571767
5498,1409.9981212253888
19425,1676.8633747518031
21379,1434.261059239251
7427,1502.3865945762868
8186,1708.581283101672
2689,1421.196495731174
4817,1516.7484309185286
4132,1445.5560900526045
2688,1576.6449398925984
2681,1742.037644034242
22174,1484.4374062026789
5493,1388.3396446217102
6866,1414.5970991642932
10139,1419.3979831890417
6072,1564.699015965745
20655,1348.682796223082
20890,1447.4717048294592
10000,1403.400291426898
9999,1557.7182221863957
5490,1492.4998462971896
5501,1391.1084739824048
10311,1522.65517858723
6047,1529.0767775797226
9903,1500.9094620754329
5492,1544.3339916130208
9497,1515.9753076761415
20889,1474.332031893744
9902,1506.722235600677
2683,1721.9114932388425
6054,1362.5939707640114
2682,1488.5590581151926
2678,1446.9877749444686
4134,1545.8063616212833
4138,1562.789746926245
10142,1403.9102468651138
20897,1470.7167050424293
4936,1589.101349822117
4422,1524.9541062136977
22137,1463.1183746044048
21386,1485.9358888309039
2687,1609.6631297436
2812,1587.5226646206754
2750,1509.7992449045357
21812,1455.772676292088
6077,1447.3624234232586
858,1621.0405263254677
10739,1619.549428912535
2765,1768.1018271217317
21181,1399.8484192182348
7536,1505.7372959120014
21546,1439.306791842256
20894,1488.4787789289942
17723,1493.3561728296927
22194,1487.1987000039423
20896,1439.1037852349264
15561,1474.93460857413
9968,1506.3581729783036
18424,1495.11083724917
4908,1475.6047139492337
22190,1483.1474835729302
18192,1478.2107827669931
22193,1487.1987000039423
21888,1443.3343090097553
21383,1486.3734759681706
18664,1496.3884209252665
4881,1462.4433088714134
10357,1514.9346490984606
17319,1497.9586610730037
2895,1505.1503174513016
11337,1570.797117765995
19352,1459.5057368019807
4771,1478.1437447163619
22161,1468.9828442328171
2752,1717.185996344325
22210,1479.672946111048
18984,1449.6712197657703
17751,1477.597725006899
17313,1490.2855743936236
882,1456.4998925910793
4909,1477.3954262012655
15562,1482.0998645595607
3456,1575.1082188045557
2894,1403.8427983807828
20210,1509.5472439531711
22162,1466.0844190269333
18986,1555.0415999797535
4816,1688.8245184119442
2753,1629.6207445454584
21476,1424.128216790238
18006,1442.5277700676388
18267,1585.6039756471323
7114,1626.8997517757764
3385,1496.5943247121702
7108,1458.782542091757
7115,1651.0619536030597
19345,1562.665101386477
17641,1462.8437983064778
2792,1538.5446737558786
4178,1519.5903910312536
5159,1611.2187607181304
18444,1467.4025512652336
18848,1487.8718819159258
2893,1421.7884128159326
885,1590.9769994528106
7106,1413.180135814648
7107,1485.7821799907583
9249,1458.519104581021
6911,1415.3423390332325
7113,1343.8065540326206
6902,1385.1711525591597
7112,1607.6005254722636
22167,1582.1304127676567
7102,1591.6320596082733
7109,1551.1326254866608
3384,1516.2877915646202
12633,1462.2737555146828
6517,1511.3746059679927
17639,1482.7064962233903
20921,1536.5186564307867
183,1590.6571952996233
18418,1420.468008535276
4139,1653.1084015986692
18966,1654.6769888373458
9726,1641.7161202733741
193,1360.444391632887
182,1526.8594707969032
21300,1539.4253057105775
17606,1561.5999267064392
9720,1391.0588906947962
20906,1477.0643023362593
17362,1555.2490993168035
191,1443.9435708730975
186,1378.1970939074074
9723,1482.8973911632856
184,1450.5976868206822
3393,1474.8449027668485
7116,1541.6103981888255
7476,1613.9723754974582
21361,1570.6129727862367
10144,1438.877224267664
4129,1496.1555749133381
7318,1448.524923765733
190,1510.4750163274205
4133,1528.0939370651292
187,1514.8143895778644
9531,1447.494889077321
12634,1410.314850542278
21865,1497.8050996206382
21864,1482.64227773896
2896,1518.2271929560952
4787,1479.6620285584654
17715,1506.2548104252096
22192,1472.5160595172715
21901,1435.192768476853
20266,1493.4413112857646
20898,1493.6192673129667
17722,1511.071324444492
4875,1541.270553847149
6196,1480.7907118110481
17713,1492.769746099312
4785,1487.053290352142
18188,1440.922144293883
22189,1464.2702863208988
18428,1473.875202880984
13930,1492.308115503414
20699,1487.044185770003
9971,1568.0024423970247
19400,1483.5676347840838
18187,1500.1168538015
21553,1455.217001726947
21385,1485.6509294131504
4873,1399.139454187179
22191,1497.1987000039423
15424,1415.9604167431903
7521,1596.8661007859853
8225,1365.3507530359598
22198,1476.2524877474586
8240,1513.9324689220716
15515,1621.4073344281517
21506,1366.9358010506317
2627,1515.8316285886806
1038,1549.4025267680004
1011,1412.164392455926
17086,1675.0438464766844
8239,1506.6039872658553
21909,1372.1626946620734
18199,1428.042468053753
2052,1578.4328860785408
21355,1649.3023492212958
21910,1409.3846648933109
17176,1482.8798428855118
21843,1508.3696898173184
20695,1507.9149020604118
4812,1486.2151452983976
2668,1502.2759844302889
18203,1538.188221223904
22199,1370.9380334875852
21507,1329.6642221695772
977,1662.8248772453526
9283,1602.233611613401
9292,1427.0265419377868
21392,1388.5704783737096
5496,1423.1390149788094
2686,1579.6450366766567
7422,1379.3339907826648
21401,1478.2576932725297
18439,1546.1685468505425
20018,1476.0856292001763
2057,1685.1637533926455
18655,1519.034527315322
19979,1567.1701496692747
22208,1375.153248150329
18652,1608.7494928115384
21871,1465.835023746125
19147,1455.6886142319404
19136,1574.0668043617277
22209,1451.0902134812627
8266,1458.5107754188684
18654,1501.8138290534375
19409,1528.6233536820307
18987,1427.5134417704624
19408,1558.5544808213072
17827,1540.8974300102727
9725,1503.263297665365
9729,1632.9588169910528
18159,1370.550343206188
17830,1482.9894497476541
19964,1480.347570265248
22130,1507.6169963259272
21822,1461.246288756154
21354,1616.4083104734957
19181,1548.744554715479
21353,1408.751776828442
18265,1474.6958929132936
19410,1479.9550084907369
19407,1470.0046868166503
19411,1605.2995292330156
17850,1504.4352969060094
19405,1436.5107984755778
20687,1432.4044798760924
17360,1495.8481329824235
17828,1573.3910516539677
18455,1507.5308470851764
19978,1504.6650517837807
21873,1633.5781723959726
8304,1450.523608240433
18660,1455.6866636776467
8265,1487.276928822381
19140,1496.6686616650684
21370,1378.8041876923598
384,1698.3154716113613
4319,1523.6157285774188
5783,1472.209587234488
11942,1502.7568000706995
20000,1510.9899506729319
15364,1697.4525008244882
21423,1491.9595824153566
19150,1536.7719585772868
20907,1729.2608797200394
15362,1593.6022664089444
17832,1695.575540474891
20905,1504.4621495053602
18206,1609.442923124351
22164,1580.9158630980578
17545,1386.3949166762618
15366,1518.4620404147827
17346,1432.0213735392947
17826,1471.4105325477371
21821,1600.168134545448
19995,1488.3087240582915
17361,1494.2944756089137
19141,1445.6841483774544
15360,1414.4819088225172
19179,1527.8049278658834
18446,1590.7478917174742
20684,1597.4804174325066
15363,1487.9962104067342
15365,1638.2402562731813
21422,1428.6497062207886
22187,1394.3044197055972
4861,1434.6107846591365
4862,1531.9524271570465
18268,1489.728190825247
18704,1499.087421140531
22212,1494.5132761254615
19172,1480.3892366369046
18271,1480.7980500059134
21869,1505.0108141892313
22213,1492.391781872796
19999,1469.3756103573687
21448,1504.7534371513061
18688,1464.6359288611193
22214,1497.1987000039423
22215,1496.2387996441428
18451,1487.1987000039423
18716,1520.2422195076429
5776,1481.5398763636422
6686,1472.556567101504
588,1335.7595106957529
2662,1503.7359693136173
4205,1475.4716693527969
18719,1492.6015281245313
22219,1480.7921354852515
22216,1487.1987000039423
21853,1502.0032499901442
19314,1453.5204774168799
18720,1487.4875256721946
18450,1503.051189249473
22222,1486.5024374926081
22220,1494.3079229214723
22221,1492.8012999960577
22217,1512.6817476736105
22218,1484.7027624916227
21858,1477.597725006899
22223,1502.8213750819707
22224,1487.1897926232068
22230,1522.1987212643671
22231,1492.8012999960577
21862,1497.1987000039423
18264,1497.1950850745518
22225,1473.837077783714
20689,1500.0667151518858
22232,1492.8012999960577
5777,1422.8823760489145
445,1460.5453552345823
456,1420.3584549133343
454,1639.6006826481805
6757,1522.531079934323
583,1411.6066971759699
6775,1431.0032233987827
453,1399.367678414536
11627,1561.196378176796
14253,1524.9471575003784
4864,1481.6208704756482
2653,1495.7509635525435
482,1640.6371382345935
162,1600.686796150878
213,1505.5629663101654
587,1390.6134237554893
22233,1487.1987000039423
20688,1525.3390100743989
21418,1488.9109190463807
22234,1487.1987000039423
22235,1515.6443748659283
22226,1515.4567730026167
21416,1492.8012999960577
18706,1476.6575779890911
20678,1480.2941722711466
18699,1465.5126958363267
22237,1528.355492891351
209,1529.5889301904822
22227,1506.9033258822415
22228,1492.8012999960577
22229,1499.9258535962142
18691,1487.402274993101
11766,1474.3455106849656
2641,1471.6010874919657
18449,1477.3051957073353
22236,1492.8012999960577
5533,1478.7822573446654
10528,1444.300749821436
5784,1429.8304028212817
462,1421.7153511930967
2851,1504.05437312135
20927,1415.8385202724091
4365,1461.9708147937133
463,1553.4234337889766
483,1425.3783185763637
4885,1459.464305401928
5782,1476.728523403606
579,1395.4371323043545
18272,1559.6806106233066
581,1368.833782409261
8663,1479.2999745586696
464,1619.4049973610602
450,1543.280521532596
589,1331.8049038745864
447,1496.7701143405877
19208,1515.0346969918278
20956,1517.0599226719175
8941,1462.8264243869448
5534,1474.649876915946
2643,1440.945434628327
10525,1468.6693506619158
11808,1500.1479205774972
14075,1478.6992981619173
8942,1380.096757024188
2665,1458.3151405961282
5518,1432.5219235877698
4231,1512.7735049950088
473,1527.6788061218504
586,1495.0843676333445
449,1668.2697761726824
580,1509.084760240051
480,1475.506136697151
465,1579.3374403974015
585,1518.155031293822
207,1540.41891192311
2666,1566.0152846191734
164,1773.8459332817488
208,1647.8783422749493
2645,1447.4070810571855
2644,1372.4121054449067
8601,1505.7245322270385
204,1442.7308759717782
202,1655.7126576255391
211,1487.185519108682
2658,1461.775692622749
4214,1493.5783450985123
1895,1562.8257777935987
7822,1466.456065471108
4325,1464.6234327984946
2848,1549.1676281309983
2844,1482.666390222646
476,1464.6432726510384
459,1540.9019405705221
468,1508.1386532643364
474,1571.7869756028938
479,1618.1167539795922
475,1617.5152862836012
448,1658.7356726758023
205,1568.4635609254256
10532,1464.0172576986113
2654,1591.6871568908725
477,1634.3162367260175
478,1652.6033148618208
481,1534.918139517968
2649,1551.8560895496435
2642,1414.1341883832768
11993,1427.0136440475148
22238,1452.7233589304005
2664,1550.1691245583315
2728,1481.8073515655574
4276,1471.1645744125335
2636,1502.4010294875188
2646,1418.9621127568853
458,1413.5141650523187
212,1525.6438802036996
582,1389.3216756214317
2619,1412.2292967139317
2647,1453.3380991375266
20736,1433.4902585510958
8544,1393.9438349854336
2720,1578.1270991933638
8222,1588.3225348341564
8221,1418.629767507464
2495,1658.2460595815025
3052,1432.2347127044059
7834,1497.747339141198
20301,1721.3066555581704
602,1370.2711354870585
3327,1306.6549149446387
8547,1524.1759540788141
3017,1429.877813210822
2556,1549.2201764548313
2339,1585.7516239552006
3039,1528.1895787029132
994,1558.4395820159195
22163,1406.16668620089
529,1464.6665545764458
21382,1353.0029462298082
438,1551.2370039528112
3279,1507.8206552211927
987,1371.6878649260216
6672,1433.8966401901957
2715,1521.4336668588635
9811,1378.6832800038005
5270,1545.3411157320497
620,1635.4090298528295
510,1717.2256068248143
5002,1465.8817702227213
22165,1492.8414436493097
21380,1476.6837563591462
3458,1591.9784479024604
11931,1493.000583078015
4153,1390.3988485311668
17642,1453.8942861165851
14948,1462.1870220256708
10529,1537.8129779743292
8841,1514.944934100901
2758,1573.5653928814252
21130,1431.7493715812698
21799,1478.3426911553513
2751,1530.3976753100978
17351,1484.573880649956
9966,1537.5307259891226
9318,1564.2651512200998
3395,1564.8230176439017
7531,1498.6894364632496
3461,1508.409110144542
18958,1487.64454611718
22259,1498.7803559244726
17333,1539.7369145496975
18126,1498.4764965246325
9973,1491.1194772673775
21457,1488.6869855365626
22260,1462.5685087844895
21468,1486.6225308642745
21466,1510.7680455273562
22258,1487.1987000039423
3552,1521.972129704797
22248,1451.5828042242567
19983,1499.3358366874975
21896,1437.3419266651779
17523,1500.3861334587102
21893,1496.208869991515
21894,1461.7506942883456
3553,1500.5609250276043
22250,1456.8308592982535
22249,1493.5596673297953
18325,1490.3861334587102
19206,1477.0870458616228
22251,1476.9828460017657
22261,1471.3425291278745
19194,1490.1479205774972
21891,1472.2197374458613
22254,1474.5834851038076
22255,1480.481560547678
17736,1408.4383416737357
8040,1699.959196364884
7939,1527.6737448951192
7938,1556.0110037900617
17689,1817.0817071555032
17739,1582.8154040995894
8834,1409.896750410964
8835,1413.2897814885312
8039,1338.4135431276964
17734,1449.4409911093528
17740,1479.542135131532
21845,1330.9126488116033
8830,1553.2160506685043
8831,1493.1340422334192
20298,1491.6328133631089
18162,1429.7008004791126
7998,1650.6674363293744
8011,1513.3488356808084
18983,1589.5434603570413
21844,1598.0997188038461
18982,1427.2151768646247
20682,1318.278886392
361,1662.4774022959514
367,1714.4868857477015
2651,1516.1854174626
13584,1533.2734179789911
20965,1482.3753508411428
2754,1531.451230599198
103,1719.5210919206868
203,1613.9386007850992
19212,1448.1620715655697
20950,1542.30859538878
12062,1547.1262842314575
2837,1518.7652172334083
16721,1361.5818106996308
452,1496.5595527360294
457,1507.3185024938812
10343,1537.5165093749076
9252,1561.3704237674103
22268,1293.9110854031983
22240,1513.8400544271587
2888,1468.8660669070541
2638,1411.1527667748214
11678,1584.9617460806544
2637,1481.8268817263206
2655,1422.1655266987168
13582,1426.8956076777758
578,1505.2294405795196
2874,1545.2819865396004
206,1578.441443276826
2661,1459.4733520771015
2659,1537.0097774961446
4150,1676.4209282717975
471,1503.6629472981845
455,1511.6574707292045
210,1460.2367775646494
461,1460.9227054579974
2640,1420.4124691309025
584,1495.513876185957
20941,1505.351256725122
22264,1473.924332482952
5362,1534.4329083958523
21467,1484.651185331424
6073,1488.2277762910294
10141,1505.948278732713
8104,1503.1097263939707
4130,1467.7298866780384
19197,1450.676951534443
9204,1497.1987000039423
4128,1484.7097313561917
22262,1475.9975625073919
10138,1489.3140853918987
22263,1481.3755814701417
19982,1490.278342023308
4137,1458.7338575826604
22253,1445.965166085962
4423,1555.8927961877869
19202,1486.7065893882293
19981,1487.1987000039423
19198,1501.9839354499989
19200,1480.7980500059134
17365,1524.4440195858492
19205,1478.3284590950852
22265,1475.9975625073919
6071,1487.1613194239053
17364,1506.298830398286
19195,1545.7094612775638
21906,1486.5483378258832
17363,1592.7172407518883
21897,1481.3124328814624
10143,1493.9175201965763
22246,1476.5574357714884
4135,1519.7908885235167
8110,1471.34854901467
19196,1519.5866385522913
6726,1485.7600269539273
436,1728.621066826775
12603,1434.9034027062773
136,1503.1134008447527
2565,1497.8385963272704
231,1378.0486052493318
225,1360.4384961384058
222,1428.239142061368
10125,1519.4695832107839
17851,1498.5759557627616
216,1423.1318721256239
20041,1474.0692799525111
441,1572.6420482088454
4426,1488.793218013593
22315,1471.9758772541095
11485,1494.5001070187693
15720,1464.0652627811073
229,1483.3936157650824
218,1680.5257757180982
20702,1419.940536891546
233,1514.1633031606402
228,1408.8629016762302
21004,1441.605600516953
502,1473.3484527280705
936,1498.3986346363995
7858,1480.6494261643104
17856,1422.4811484835702
576,1641.374078856003
21001,1455.5261063623127
11441,1430.9655373267046
21526,1550.917202116474
8249,1547.6469360877675
22292,1420.2746242965134
484,1576.0906471946237
7962,1462.3589042470935
19250,1403.6330967013957
12146,1451.287849870334
3362,1579.8410671731747
997,1600.2867246941425
22316,1492.8012999960577
489,1507.8176218198475
17483,1487.1987000039423
21629,1542.5797819302056
521,1442.231083556402
20999,1473.639866513051
12030,1465.787454340673
20039,1575.9636534571455
8070,1483.9784885793576
20703,1482.4030440347346
2547,1535.694841367719
7759,1482.1585257719348
13018,1506.143017656557
12344,1480.836468055626
2539,1412.2569818272268
2493,1503.0497163810442
21948,1538.4111621302698
2510,1476.9828460017657
20710,1491.5720715244913
21943,1492.2936711796824
19960,1526.9573107322224
22403,1519.136190927848
22404,1459.0909308929763
6733,1475.0818352049519
551,1484.672607586602
22284,1484.5834851038076
2540,1473.0500729827738
18283,1486.6225308642745
13238,1471.0779454736944
22287,1466.9424566752302
21529,1452.6447434257577
22288,1499.5385362527804
7591,1484.0967543330835
20712,1501.8661866131174
8151,1492.8226775077276
22286,1477.3968949667826
2719,1463.0849045110456
21528,1483.8768093610445
2512,1462.0428597407201
12207,1507.3129912819065
6748,1470.721660561569
11523,1522.038317902745
22282,1447.4606349565272
612,1442.9708946150656
526,1489.8520794225028
22291,1463.8607769818634
8169,1509.4354450622834
22281,1621.0113884919524
614,1411.0001223401366
18754,1508.7116128157481
8142,1486.367936545577
11440,1480.5038526227302
7857,1580.8311338384385
8592,1486.9828460017657
4401,1480.6641633125025
523,1509.0972375518932
4411,1522.822222468731
432,1772.47393865116
7590,1497.9589512315724
7599,1452.5519588503828
2551,1486.5035078573835
2948,1547.1600099913273
7293,1473.097571280402
619,1462.1147786282027
10496,1459.7133781830091
20718,1474.2116397659752
22289,1495.8214498099635
8250,1443.4692237481183
488,1499.711699783475
21000,1461.962445116597
22290,1496.095700849351
498,1494.6087869727614
8594,1451.5008122885167
22285,1499.3358366874975
18751,1488.1802428043968
7949,1496.4654263764796
2555,1619.4542946297045
6742,1516.934250071584
2716,1486.9082375255089
6731,1498.7371439938809
22314,1490.456412763097
19265,1483.017006814537
8089,1623.6696425211646
2757,1501.1348956664804
570,1695.8124348088786
938,1617.082879638212
266,1541.9173816477482
2832,1477.608184425514
257,1597.4339585891335
433,1557.0490240087813
22269,1489.7055834311661
247,1606.3043388530136
414,1489.946121773497
254,1632.0602510398076
264,1530.9592395638083
421,1542.39207753938
411,1513.552230871668
415,1471.3095734931096
17582,1474.6765833240104
18773,1439.0307618504276
18320,1437.9472071960088
408,1450.157326465133
259,1613.1725871620856
405,1519.0982732807543
650,1487.420051619688
419,1403.68289281478
258,1637.7629830340074
417,1407.8570719596348
249,1540.6865960042728
416,1467.5366908898604
422,1444.0677375558662
7166,1386.9297431704083
253,1651.0391351668661
413,1442.9446025237728
267,1574.6033644577426
18015,1533.629178747063
265,1526.5086538652938
407,1434.8284984638478
251,1443.469404813492
10605,1383.6207502030875
261,1462.4733519415215
170,1569.8047567593946
20795,1403.813952650169
6912,1490.9642806151862
545,1580.4991553140676
406,1473.5038322256848
263,1500.0459796864795
22298,1481.0860846596718
180,1619.0547523015202
7672,1464.7431680723896
115,1464.4176148426898
8091,1544.3927916058435
5260,1556.105731046801
2496,1563.4994847871017
371,1497.296678588224
622,1598.689174972205
9780,1473.274443750738
19232,1461.1999680544814
9682,1548.0187944139886
2942,1500.8373103122583
360,1661.6091037712615
9707,1463.5814496674493
22256,1465.0555916180167
6946,1487.9271143337633
21925,1344.8339986018384
243,1547.7693931007182
7085,1680.8389406813799
22257,1461.6221890767424
9779,1596.3536514501686
6930,1515.8153671579853
6170,1498.8145407193485
2613,1474.4784384611298
252,1525.7213017436493
248,1595.9472620871136
18018,1437.113152130086
2500,1458.5316817676078
409,1481.522954542835
403,1546.5207962118375
3849,1477.9683213862963
6732,1495.376800308671
2988,1477.247204324866
493,1572.0737212196757
262,1685.7713616683277
255,1474.083449278957
8365,1518.152038802518
306,1489.1404264448418
8102,1486.014434259126
372,1604.1148521133166
435,1710.7894024878053
7853,1568.698921704159
572,1758.6615189840575
366,1576.8388322529188
393,1543.043595927899
3101,1483.6247998066465
2986,1358.0454217065865
552,1487.2931595454345
20982,1397.5138073032883
859,1432.4338378759041
7237,1503.2995546616553
9361,1496.0215473624055
22413,1519.2475639409315
22414,1497.2515720191786
3610,1455.5622702025294
244,1669.219645018891
22322,1486.5024374926081
3802,1513.789966419867
337,1627.262197038898
442,1612.7599850900206
22271,1461.2593265593532
334,1437.7422653543758
399,1383.8676772269926
3850,1418.4086622884265
2533,1681.8307744486517
519,1540.654640948634
21538,1412.9791271246656
3019,1491.6511794857613
21846,1380.580298309732
492,1448.1251027039443
17544,1477.3064732298924
3852,1493.5295595589512
1963,1650.6580493064632
596,1548.6224606431788
21539,1374.3668234104296
20996,1390.3841686882524
557,1507.6932746686134
20740,1455.1913999991582
352,1615.529130333103
349,1577.3982198094627
7239,1607.7532421382418
22296,1365.8703606329843
21537,1526.54319344806
20705,1481.2308452011728
7234,1454.9664110443318
22415,1501.6112440773618
607,1521.5005543224888
8118,1499.481583635814
2722,1588.0010646880469
3076,1455.3045317594356
8519,1584.6282515993887
12498,1397.6129307065028
3132,1479.1403588858302
7640,1497.2227972564979
20032,1497.280327071288
11551,1549.829326900464
18285,1357.0072032278113
1941,1601.2478421095252
3153,1521.4265271598733
575,1618.3338928888252
7320,1458.0277759540563
7424,1434.5955010277173
22300,1428.4891303522809
2991,1433.340384712721
11336,1680.3264063976392
22416,1497.1660494958467
22417,1481.613226815124
913,1454.1937982565596
110,1744.1394946259106
21980,1492.8012999960577
7860,1410.3236156345429
909,1607.872202643191
13150,1354.8728251629718
3851,1491.2057133238482
6937,1470.5201708604823
11505,1571.9082700688907
10414,1556.0601364326442
2497,1595.1371704751757
524,1626.0559944611282
440,1526.1505634183732
541,1510.884104629358
302,1362.968602283412
375,1420.8328394181754
382,1771.9843045542862
256,1727.8877654286232
22266,1423.5971265786384
18220,1751.890691899889
21931,1655.6977055382386
18216,1459.9223304603393
20651,1434.0545563047058
22267,1405.512472761802
18224,1396.004398854188
20990,1503.4453205227355
167,1642.525305618769
270,1420.8831051712978
19246,1519.443323285046
152,1565.9545620253002
133,1519.6655125226189
22340,1461.8195021447573
18214,1522.7734557838025
18227,1452.984047500641
605,1655.3052116771266
113,1422.2870068799414
3732,1385.5230430068887
887,1618.8098271011038
7597,1522.8892497627949
3719,1477.4221628386927
22239,1449.4612472131696
22241,1405.3633817542232
20947,1610.5675563128239
2829,1527.965667185784
9817,1490.2345928861762
20279,1509.7654071138238
363,1932.4476026055806
359,1805.5435613196867
17640,1710.9596303151748
12124,1514.4318022939522
19248,1476.619558033579
1382,1545.463977432016
20715,1490.6641633125025
6740,1484.447736647787
6758,1537.0868324652583
22293,1476.9828460017657
543,1557.9361418692206
20025,1461.153439532784
3706,1551.2673417407002
617,1647.9303803631092
19247,1474.3820593791188
540,1456.0081728875007
20024,1501.4204424395884
2761,1582.906111807499
2756,1616.393728355154
17861,1500.6200337062728
13083,1639.5310958922971
7837,1467.5099792422177
2959,1508.1190198164975
5309,1568.2945205858757
500,1528.4723959411253
22294,1486.4483248180816
21633,1481.5398763636422
20711,1506.4462198222732
611,1560.3209526110395
21922,1471.8703119272595
21947,1499.8821928927377
12305,1508.2002592292529
7914,1544.5121981091213
567,1526.7798450457306
22295,1483.1295082697006
3611,1484.4620427910122
4039,1555.4836351436195
443,1617.0786927095633
7825,1478.3371320421593
260,1505.3708471787513
555,1598.7711744714495
250,1547.4424002155831
562,1480.1312707802995
566,1482.8044192867833
3929,1545.0559518803482
1929,1682.0164039727372
5239,1468.0839467028086
2755,1582.8781895627762
19243,1514.0519060220593
2994,1695.3120898081852
2983,1416.1247845665212
22299,1512.2157019115155
269,1494.9600986960281
111,1619.1557150473798
9705,1459.364714537033
131,1696.2382603709343
2923,1499.2237686639346
7879,1507.1159391627027
364,1720.0415678583477
10124,1509.3018276790192
20721,1523.9948062892206
7242,1592.5037468147614
18809,1457.7454696513191
10129,1549.36136892375
20720,1526.8327686153452
22333,1494.7425043905303
2594,1397.9758073431085
138,1477.6142936166539
7878,1375.231173712348
5807,1696.592286684961
598,1504.4401942150862
10675,1498.2168699522592
179,1519.2220218676398
94,1535.4167472756624
1068,1758.1571689715659
100,1503.7970605361927
991,1378.5384209242952
5579,1444.9760987815337
996,1464.1088448485248
96,1537.2077122774526
1538,1579.5688180319057
98,1493.9874152849784
7249,1622.118104334044
7885,1361.8175146966378
7232,1667.9175679693985
21092,1471.3863471593295
20722,1409.9393057872483
21533,1416.4416744176262
7225,1634.1423157440995
7231,1500.4715705218757
21968,1460.1538722415937
884,1724.4713693896952
17514,1540.9719284114137
3432,1365.9297333659877
10131,1603.8541047810013
221,1496.1574179734312
20730,1498.317471750377
5786,1440.4769113731243
3616,1516.2277038591533
606,1479.2813006253407
437,1728.8833185850347
21987,1420.9750969257273
7224,1544.1845234521804
20074,1388.7976685779556
7229,1562.6465739990601
15719,1366.8248190970917
7226,1579.1882656584028
13830,1368.5892296118434
7245,1571.2779080506439
21583,1506.0662344334562
17939,1430.5552412118252
3607,1493.6095796390916
245,1460.6399395084093
22335,1519.5827549395356
7170,1521.011315308236
19309,1477.2689103948803
19306,1490.2361972239485
420,1464.908057411536
20991,1489.4206256836774
19305,1449.9733652391078
13397,1485.3873751912647
410,1489.8265868367716
21579,1445.1942603023904
19307,1443.0108849759406
418,1496.4903565577426
20993,1487.8328283496126
20850,1493.903538006005
9980,1541.807375247522
19302,1447.8408872967123
368,1529.4505626743644
388,1616.42268483208
412,1454.9787436700326
19311,1468.2352668412927
20992,1465.5421519892186
22423,1438.0998532511655
7253,1597.1197197500094
19231,1510.9732033323148
125,1643.366150975164
83,1813.7819459900502
8254,1476.215031623632
21588,1488.8052924904896
177,1558.52933520376
174,1590.985395714976
19301,1491.9567588482562
20016,1449.234866411506
7258,1648.5701474052516
380,1453.4996686792804
86,1779.0832422345245
22330,1491.6903685522059
3956,1551.1226472528251
122,1582.32773548527
17233,1349.4232582454754
7870,1492.8965259477436
20727,1460.697041323194
226,1646.6116456267184
129,1557.7450159650068
3307,1608.397705364645
10382,1483.968567327061
11017,1377.317559562947
4471,1546.55336079637
3841,1479.5664243939855
395,1446.9974711478374
4405,1414.0057726068762
18794,1425.7284441420397
6907,1529.3739239447298
3988,1467.140887152237
3258,1492.8012999960577
7080,1429.5351303754373
169,1544.8573560660518
89,1544.4048019204595
13294,1587.2936739296533
20966,1357.5932949081596
3067,1403.4893406127958
22320,1487.1987000039423
3991,1408.1353447449585
6997,1494.1995947794521
2922,1549.2739536808979
2276,1673.390672802216
20036,1548.390529492791
20724,1566.6086326901436
8931,1381.2564760609578
7259,1524.6903107242276
7252,1460.4029542197704
3070,1439.6139370130643
9867,1461.2155870991603
15710,1422.2192087646847
130,1568.7164324287955
3812,1564.3810613441174
18615,1498.6595129964162
19298,1535.255874007595
3746,1587.6334905831686
21950,1415.1016279156693
105,1602.515240831211
17516,1434.9160087239675
7261,1391.7317924341005
9806,1451.5867000813264
7254,1516.8802473522169
397,1505.656034416437
102,1671.5335710645754
166,1613.757131331323
9941,1470.551925555588
17686,1475.2844518016989
6851,1581.562326427979
160,1889.6045398965275
494,1491.6152110699263
112,1611.540005998434
376,1387.3702819209498
3842,1541.124834661943
22332,1430.2945180881502
11706,1595.3386088099953
8293,1673.3948190217513
22338,1453.344676059835
7522,1684.3672271366108
18994,1556.1317912142367
3997,1614.1331164732057
3943,1405.0180254676789
118,1493.5426609865435
9210,1466.3897380646138
20737,1398.4628737055534
271,1491.9568960132067
3707,1459.2245945547677
3775,1406.1292052835875
18278,1345.183705138656
3728,1407.7419322987244
2566,1543.648561372413
154,1468.104220334105
3735,1582.5761371373203
145,1491.3263243511788
141,1390.0804583539773
3730,1392.839690656587
3736,1596.3915951339807
4172,1351.4017810330545
7612,1336.1238401559099
3263,1475.4713467885651
3942,1469.5243216556125
571,1599.0126076753882
365,1455.9887652707146
374,1503.75522501949
304,1482.5280526237198
394,1502.509404688063
398,1469.0254946683522
343,1515.0680777420364
341,1566.3595046618088
2250,1819.1246812743166
3822,1470.2600341469945
4007,1439.210928099613
11139,1460.9671733760154
11667,1586.7682916599315
8112,1539.6562521506812
21590,1418.4654980940772
18732,1456.7959299766896
22339,1611.295159713468
21097,1408.849031409084
7138,1676.7264224586113
347,1507.7123098211284
18172,1466.2890658052597
357,1604.8731205663498
385,1420.6803918635294
333,1501.8971684965359
369,1516.805989585503
318,1444.0720454300229
391,1548.7965740369177
311,1415.327916110276
381,1376.8796911553136
383,1477.3370929537446
336,1508.4619345639635
8030,1579.5313317672958
17725,1437.5235338438936
20746,1475.2615717886026
17757,1560.8246820462318
20814,1565.3102131840494
7100,1436.6422568844619
134,1633.9709357967047
93,1518.4122803248838
126,1611.2318951839773
109,1568.5175923455945
621,1512.2515034690914
20745,1475.0985355377625
18288,1497.9701820822881
101,1615.3333970413946
642,1476.46705370556
396,1493.4624009639979
175,1593.7156776403317
389,1498.9851661806492
322,1559.1092091642388
345,1453.0358397638365
340,1535.057073853308
3891,1509.7550106957203
386,1495.4296627603267
632,1399.8364019810704
282,1597.4340946880907
13884,1371.8633475354948
13061,1455.2724554306724
390,1466.3092041256348
387,1610.0699011468746
19262,1388.7711256497382
3129,1521.547403478914
339,1498.9913537510388
279,1578.046660724223
2731,1459.8470871755685
284,1430.4444348326786
323,1513.0731327695503
320,1423.44692952983
635,1345.5629730875798
312,1470.28244858214
280,1600.418294167511
85,1611.6896842495544
3138,1434.3165992455513
640,1299.0886605273136
11691,1449.4467143391776
573,1385.9913227274237
4703,1548.297823441361
348,1546.7084567401528
310,1556.440810307549
315,1638.250434981377
645,1480.0587833695283
3231,1429.9599086556477
3256,1456.5786871230614
303,1633.4765404206482
275,1454.893234725045
3887,1506.3911368587553
332,1533.2208637079111
3828,1406.5714218247292
7595,1449.7414269948536
633,1445.6313100760565
290,1498.7346198866596
7156,1473.8022132098374
3897,1437.8418077121244
4926,1463.9607975436036
2723,1556.6693359858457
401,1570.8426640565328
278,1337.6070960350974
2726,1674.658287198827
3731,1435.9273396907938
156,1431.6763072066842
22064,1385.585676954482
3472,1471.8302608157162
137,1554.5766425037377
362,1720.7081298378598
4050,1571.6779169504598
106,1474.0115325209817
11420,1640.180341763176
6870,1472.97518031305
7648,1463.1297589713374
350,1471.9675785419904
119,1401.580532248961
308,1363.2256017837897
353,1464.2162684654081
344,1593.0286666590614
324,1468.943046972313
402,1507.9123057789627
346,1523.028784686233
309,1561.9459821759
358,1562.8890245400892
285,1548.9754431924966
400,1627.1445284379056
351,1500.488393369012
2567,1503.0951019813042
314,1577.8876849205549
392,1619.2771074282346
338,1525.383555026462
342,1455.368810263865
335,1482.8658190332621
147,1557.6698724910966
21581,1487.7228167645292
2256,1371.1625179127172
5291,1413.040970685886
20765,1293.1981625818078
3794,1409.7240921136513
789,1572.9850902941948
2574,1385.2223075066559
3257,1483.727310529464
155,1455.4754343055333
114,1671.816110914238
2573,1545.9960907225177
3699,1550.8655674012905
8027,1356.5992386533208
8033,1493.613785853204
7524,1485.0379542526655
17733,1498.8076534779934
151,1514.2540566994746
17760,1627.7248978763344
21959,1381.696024992247
21577,1444.1564263165985
21960,1460.1452142013898
17759,1394.1974145860886
15106,1474.5572283944578
8016,1516.4161976936887
8292,1465.7240182068103
153,1616.4558641162637
143,1490.2144581296934
7084,1695.791101966446
7099,1490.7708111734585
2934,1546.65374578344
2509,1460.7421776476026
165,1449.4998510958285
12216,1535.9704328872483
12215,1534.547901035265
144,1543.008776451909
2727,1601.9367131323652
146,1510.4083054264042
307,1428.987596362476
108,1464.4789231137247
17530,1482.5832947946606
22301,1413.4724701538105
20038,1579.0852873668136
3691,1426.7241430198162
3696,1511.3094588925799
12698,1591.244685549571
11429,1608.3604891591615
9078,1506.101440461035
20729,1434.5442688002615
2734,1491.720512759991
2572,1601.2981674646314
239,1517.710160361028
8683,1384.7849251181647
21610,1416.915713441632
7137,1486.5200626930396
21591,1521.2816856522807
17755,1495.528595660087
21096,1359.5402128855126
8034,1399.2108161089022
17732,1634.5181005857726
4057,1519.617230077891
22321,1445.9999541168684
20070,1497.3683663069864
7656,1498.2377860541765
9983,1447.465740201684
10597,1359.9399067201396
18748,1449.2983999970236
149,1509.8277071531502
3240,1322.6826949068543
4056,1511.789454123522
301,1520.7873059181834
379,1626.4014689947594
15784,1452.1866444201498
2925,1454.6292384644971
3747,1526.0289634902122
2737,1515.6377517384617
9812,1428.1661131094677
22418,1409.1081128450328
22419,1460.5849524290147
17859,1431.7257363879046
506,1536.7733771520839
6318,1469.8344729084624
3769,1477.6498714646516
17491,1497.1987000039423
7911,1553.2858804093926
4515,1521.2293513442055
8447,1509.9467778035073
6994,1494.1096467534646
3266,1484.793629653545
171,1523.5687486077272
3335,1409.8141035677374
11884,1514.9309440475306
2503,1473.569108048556
7719,1463.408884251405
3171,1421.7068543484106
10678,1477.9434170001336
7732,1539.7771563604301
18066,1486.5970747678882
18355,1438.0009445867051
3236,1439.949649246729
370,1545.0803093789023
91,1402.718356214597
268,1527.3298046127795
21508,1481.3469777218031
20766,1330.8553782658312
8061,1520.4788123975832
373,1467.9882270349883
17992,1506.6799162871148
10618,1467.1870976849718
8490,1481.0866805193164
7051,1523.2735636598882
2927,1347.4613084288762
18382,1331.6333776381866
8503,1512.1025618541905
8491,1560.884032221988
8489,1400.8430547467942
18672,1484.9609833195696
8055,1527.9776971068418
18665,1481.2867799601431
8054,1659.244508751383
8051,1486.821236265241
22274,1438.505649996716
18669,1523.2878458361554
18668,1451.7816137525917
18671,1483.6963347434585
21973,1470.949270810414
8497,1685.7054290712217
7057,1483.1226829056372
8506,1561.9731571629982
19321,1468.6137984997076
8499,1268.3315690152756
11170,1521.5708969012119
20738,1534.8035706621067
9987,1481.1447886499157
7043,1565.5313872056279
21961,1637.357391496091
10385,1475.9975625073919
6418,1429.3752121371717
6367,1487.464589636206
20988,1487.1057141270544
3770,1480.994418120721
7013,1475.058113879509
21953,1316.1625505912511
331,1673.8218112205745
176,1648.5717913524493
3752,1526.479358200237
4438,1494.653750638618
8448,1360.327773429436
99,1491.0684947757488
22317,1370.555054034167
22272,1477.8888924855444
2506,1536.5384827793803
2997,1487.1987000039423
7884,1467.7500748507643
3643,1451.2835419623916
20043,1486.9782243625239
21970,1371.9274094907098
3243,1507.9117903645881
97,1568.3519475782127
17534,1520.4640184290836
90,1573.3964561990433
92,1508.3841928776917
18811,1457.1428600684694
2499,1451.6113026023543
3975,1510.842913896773
178,1487.6329051205146
18741,1461.6850381602826
17490,1477.9333473287677
172,1438.2371922502039
2502,1524.2576424124363
8050,1535.8257612928985
19475,1518.8726787651567
22273,1471.903753261797
128,1469.8362119143835
121,1452.4587998793415
17489,1477.1301930138668
21510,1479.7146145993474
6392,1469.7870953610195
87,1579.4848879471604
6832,1596.651253060223
274,1368.4071942963951
7868,1467.7107130975378
3788,1500.3402445019517
22318,1459.0512488845236
6324,1458.314983572749
5276,1567.8349643176307
22325,1433.696136548168
7017,1440.864763596644
6302,1473.4755137666323
107,1690.7302585304478
8354,1463.1913110114021
12597,1540.5423395262217
5419,1346.3308104215557
6790,1495.5439627603882
11553,1533.2085872995358
3751,1623.524110281881
5413,1503.7207014059652
12934,1439.1381215143033
3337,1542.7376168453259
1010,1410.1741798051573
84,1503.982157461548
123,1474.3094514148304
3784,1487.1149234034135
9864,1490.202200687307
95,1389.8616273692842
88,1552.0853888994773
11431,1475.8330973303152
18814,1314.4519984355968
173,1418.5538876519438
11312,1412.8186547679397
273,1558.0634010942392
18776,1477.4365635575107
18778,1470.7730533984866
18779,1496.7007295800558
20077,1502.3878227230712
18789,1498.593565697143
21033,1485.5346105750916
18787,1469.5060705964156
18777,1474.1619608981102
18774,1500.5955013074329
597,1586.4182445499587
2290,1549.442408488234
22420,1454.6514854522516
22421,1420.6561912074217
22422,1447.9951694600359
18459,1605.3813823034523
21827,1478.9784404955167
21835,1437.1543111195788
21965,1427.2599995224696
21834,1350.3743090977227
20713,1419.9308228826856
22347,1500.1518066037106
7072,1506.953038028107
21828,1403.5515127263918
21829,1510.9326179831387
22348,1580.5880080574746
21651,1574.8412425123113
22022,1651.5177841107368
13033,1486.8324979145534
8346,1762.1557852756255
22029,1384.6507144286086
18648,1467.539657803846
18641,1478.0434277067425
8305,1464.8653681013734
18644,1452.790361951712
20761,1474.8190768143772
21971,1545.4880198607495
20069,1488.6689529572225
21989,1490.3942226250433
20657,1498.7227975922094
22350,1546.9085371266485
8534,1536.8228128821017
18646,1529.2494825349954
22349,1433.3919079162717
20816,1453.0426604829374
21095,1490.1732536500476
21990,1529.4054401320782
21517,1442.6166091078303
5945,1497.6645983662133
8329,1438.6421319630635
22028,1457.4019689887045
22311,1440.271280012771
19255,1388.1742006853208
9577,1519.2385461258252
8363,1519.1337518925286
21966,1405.3059646110394
18467,1523.6970806724084
22331,1492.8012999960577
8053,1517.3948055491837
8043,1457.3198019739941
18639,1556.279542048525
22345,1466.7107806462282
18643,1591.0288269231055
8045,1447.31086196248
21972,1442.482846688165
7096,1508.0483488276643
7075,1463.37931165092
18359,1430.8033341681096
19000,1517.6196130535604
18670,1499.2342147504414
5218,1553.1678854100292
5269,1472.8568353410592
8327,1396.158995434435
16728,1466.4851758546138
8062,1574.1532815658115
9865,1487.4153121998168
17797,1509.8983941653128
17796,1466.1121158964238
20970,1518.8013096573475
8063,1566.358464937642
22252,1459.1414320795227
4385,1459.9871139323113
19299,1498.0805277861718
20075,1454.321447610804
21979,1482.9465347679102
18781,1471.2565722158854
19300,1492.5428123892268
19215,1511.0339281658814
22360,1492.8012999960577
7347,1523.2437832639173
7368,1509.1160977746458
8664,1353.7915253901378
20843,1456.1641304904297
18415,1522.1059383917786
4884,1480.7980500059134
4883,1506.400649998029
7657,1505.4631775528196
4886,1480.7980500059134
4887,1410.1465585376454
6722,1467.2602348103414
460,1382.3489934059758
21154,1463.1115671221237
21128,1753.8749139633196
18243,1483.1380532258895
10596,1474.2259698839205
21425,1470.8470897205846
21427,1522.0403590941908
22361,1492.9911072112784
18990,1524.5670998693456
21647,1560.2419619531313
22342,1517.0170688192693
18604,1463.8033677194123
21376,1458.0203452700766
21373,1360.0913649972986
21424,1458.310616976605
21428,1554.6682127277472
21426,1377.1606267625205
21372,1519.8428575668931
17792,1551.574380629276
18421,1533.9092176851861
17803,1513.1437372234532
18184,1513.9571542617166
18597,1589.462215965636
22343,1445.6785855318788
21167,1570.2272087036022
18609,1361.384265661248
18603,1554.8391987014402
21166,1605.769590906835
21984,1535.7747436124157
18602,1471.781953343541
21646,1301.8574347065514
22341,1457.5462104886876
18181,1506.129799588512
18420,1493.0705697262072
17802,1446.5458526569753
22327,1585.3957939661145
17808,1432.510261846367
17794,1503.42889601598
17801,1496.001296814966
2227,1513.2301461183688
19426,1488.1294428729323
17795,1559.2473639833484
17805,1550.8170334513254
17807,1498.166220393125
18992,1503.8175331717864
18606,1601.2460496083304
21145,1449.316275307865
20091,1866.1590058204515
18601,1553.729055906534
21168,1453.9508260598438
21374,1455.6224988727288
21149,1475.2184208353503
17804,1367.5985201522765
17793,1484.8979802566016
19350,1490.897172228612
22362,1503.1736646267825
22019,1471.1970750088701
21156,1535.2163917951991
21655,1480.7980500059134
22346,1520.0089098681112
21375,1480.6649451078301
22012,1485.2315266911746
21152,1483.3062321710381
21151,1532.8355760495235
22017,1478.5801771553408
21135,1510.6999888057733
21157,1452.2347747408203
21175,1462.8613004925699
21134,1459.5253525646276
21137,1476.823927456935
21143,1462.586967293346
21160,1487.603916275559
21656,1534.927691183065
22013,1459.086735937535
21138,1505.379820463345
21136,1475.053511784875
21139,1518.6221197213204
21148,1467.4859094635358
21163,1482.2388052373446
22016,1471.7169175218041
20093,1682.3524158156663
21140,1488.3033863245
21146,1471.1970750088701
21147,1512.6305609107897
21658,1451.9555502402295
21378,1556.583237884238
21158,1487.1987000039423
21657,1506.4209049417652
20774,1648.9056481287957
18002,1502.4799399120916
18625,1580.8747396199287
18630,1562.3243318624147
20762,1441.273197242317
17998,1520.405180313926
18000,1462.7971450127777
21131,1441.3708668678576
22356,1460.5745156722814
20839,1542.6237487840272
18616,1456.7127260599989
18851,1533.6533876639057
8897,1478.9845826893481
13317,1469.8820100099515
7081,1508.0440502998938
7079,1515.1692971044708
20118,1374.264015573284
18618,1387.0890991345734
8717,1503.7553835325245
18843,1465.4976962721037
18825,1474.2475365634994
17997,1479.8176369852877
18894,1461.3814131681129
21988,1623.6330448269218
18628,1670.3730517616846
8714,1570.1555059778884
18841,1411.3925603307744
7957,1511.0015207488384
18621,1621.7954819976712
20842,1362.34968130504
18004,1532.30904357089
9655,1436.393637663299
8715,1468.9479832488616
22357,1287.5185882489461
7128,1432.3271604446302
7135,1509.9421568996427
7525,1480.425712999958
7129,1466.2189515484615
18461,1490.7830117355945
22351,1547.2073716188063
9693,1512.0434974344375
7123,1486.6575330257815
18003,1533.9371586944742
18850,1521.2452821102652
20861,1445.199648239934
8371,1531.2121115072323
7527,1458.6298767600827
20860,1457.3956266209047
7526,1522.545692445503
7120,1474.3935520117013
21017,1449.3163326024808
22352,1512.574793014198
790,1546.3868936724525
22355,1538.706019987639
21008,1486.7986311634243
8217,1442.3612583404042
22353,1478.1320640419515
15107,1584.6080940075653
22354,1517.4499697282606
7077,1480.809634716092
18611,1448.0869279157498
11913,1408.2288094966848
20912,1500.9617570208954
21029,1425.560900841458
20980,1424.4226296976415
5327,1612.0435200090828
18460,1406.4002150348335
21999,1416.5947735515779
7119,1524.9804213711586
20174,1391.761573225688
19970,1770.8823279556786
20707,1536.9950362582103
21637,1544.038920742631
19256,1828.5127189757134
20061,1694.392940838546
19975,1397.5290895297537
19976,1481.2189480895318
19972,1458.0541222934128
21643,1410.3424881052908
21963,1362.0244332575571
22329,1445.7989593742418
21639,1550.2579312586543
21635,1440.7501801346802
22328,1480.2254950989516
21638,1472.837103260202
19258,1635.6077897792923
19973,1726.1622387968457
19257,1672.409643231084
21636,1323.7120397501376
21640,1617.1846414361592
20062,1459.6459839766867
21037,1382.9976227959155
19971,1452.3697900659395
21036,1435.949095617992
7131,1491.5962672247479
7279,1467.3710410168658
21446,1479.055852815557
21832,1472.3467068511745
21964,1458.918358880977
21831,1468.9372995649053
22280,1505.2275031051458
21830,1482.49798972891
22279,1475.5613209309495
22024,1508.8852025470499
22027,1488.850848499042
18775,1462.99063858459
22023,1427.871660549677
21833,1487.620688599174
22278,1481.018785274997
22021,1466.3299430954742
21112,1487.1987000039423
20124,1486.4711525951611
21116,1475.9975625073919
20123,1508.4082248497355
20802,1729.6963640992383
21585,1356.3801553647497
21978,1600.4623006372967
20799,1353.7482317243105
8004,1631.590658530323
22363,1493.0550161523897
10603,1518.054581369242
21113,1477.597725006899
22366,1491.2259320365429
663,1468.9887681284094
20849,1484.5924540014837
17581,1461.2022283850959
21120,1511.3934681956525
17865,1437.0900968858482
21114,1485.7935913790816
22367,1514.5372777700338
20845,1513.6946721611866
8566,1468.907671830701
20847,1486.4979470275496
18017,1465.6545526621387
2831,1516.9483684836457
8567,1495.0068060384929
661,1489.8745481339215
21664,1508.9738238661603
21117,1473.1099681667251
2608,1477.3084604915412
651,1504.0353770232032
664,1480.0576730016041
20125,1477.483803962804
8565,1523.9488554407083
5528,1476.5127172389743
404,1560.0988285577832
8572,1489.2019499940866
17580,1501.1488850251212
21115,1471.8715408510934
2614,1468.9800929994922
20846,1523.0341769612533
18012,1471.4131723831683
8560,1503.699687123293
18014,1487.1987000039423
13400,1521.8374775111445
22364,1466.4814564747296
652,1473.6069483417095
2839,1485.6025999921153
8562,1464.2589066630533
21111,1506.1087043084838
22365,1487.9575584474871
18019,1478.432350960163
18846,1513.9444349710873
2611,1488.768711491708
20800,1402.2818436588611
20798,1436.130670818177
20984,1628.9493661174038
21977,1550.0746907827374
20796,1682.4370736002095
20797,1449.0946213096577
21549,1588.3494398961052
21584,1448.0445667079666
20114,1740.969590752143
5325,1411.81111647572
21027,1477.3352411828957
21685,1490.2497562634762
20107,1541.6408041359548
22406,1406.9073924178397
22407,1433.6755578993864
22378,1471.0009345429837
22379,1502.8012999960577
22380,1487.1987000039423
22381,1498.698176445257
22408,1480.0343482695248
20115,1424.0331416456097
20103,1534.1377925985744
22382,1485.1490222071377
21190,1489.2019499940866
22370,1485.2521921510724
22371,1489.2019499940866
22372,1497.1987000039423
22373,1471.1825365904926
22376,1482.3966510226342
22377,1492.8012999960577
22374,1480.7980500059134
22375,1491.0354165384476
22383,1496.0093463452927
22384,1486.5024374926081
22385,1474.92674341199
22386,1502.8012999960577
22044,1488.4972234238362
20189,1486.5024374926081
20836,1424.8077318494595
20092,1471.201348732327
4888,1531.1785020724894
6770,1454.111874465247
4863,1526.5273876116955
14561,1433.9838431716794
21559,1422.7351727952905
21563,1428.969326117312
21572,1633.7705813461412
21565,1592.3476600834683
22302,1454.8493047970032
21573,1454.2433825436035
22304,1472.1660995101136
22305,1460.6009887344255
22303,1764.6234868419322
21568,1494.477614978196
21570,1541.4800237290967
22309,1494.331606428421
22307,1482.6528454196316
22308,1446.9076279629746
21561,1494.3682283320677
22306,1421.6158054973105
5328,1549.8882134467442
22344,1599.6970353930135
5326,1438.4639700144496
5323,1454.6076600838103
11143,1622.3658383321172
13696,1554.9465387352489
21596,1468.5558248990565
22051,1491.4000341670505
22391,1487.7012621472556
22399,1487.1040485431372
21704,1473.374700671649
22050,1494.2587625889191
22400,1485.6025999921153
21600,1494.7403219249172
21703,1530.2511393938255
21597,1499.5649714772414
21622,1492.8012999960577
3713,1480.2863782615025
21614,1476.7048300060437
22058,1486.7100730290529
21693,1484.6927840320698
8352,1423.8706899340966
20086,1572.5088434624479
19340,1502.8023868304454
5322,1339.5847680343315
21701,1478.5629414314476
22392,1481.9731056129067
22402,1495.2874575277306
21627,1501.7793556164543
2724,1486.2663870454328
130232,1499.9377475005795
22401,1485.9798766109686
22066,1511.2094953374044
21615,1490.1920231025056
22394,1487.1987000039423
22067,1518.2925310122232
21613,1484.4475573564018
21696,1487.402274993101
21618,1501.8906323264853
22065,1492.8012999960577
22395,1465.6994168469707
22396,1489.2019499940866
22397,1472.4243587587405
21687,1520.8891592266868
21606,1487.402274993101
2543,1504.0735142130418
22393,1492.8012999960577
12705,1486.7450759313401
22055,1500.4332385023786
22398,1480.2589535363477
21595,1488.7905236784532
21611,1493.7251697757235
3695,1487.1987000039423
22073,1493.5912519939325
3683,1469.3190738241683
17637,1490.2102926167531
13313,1485.3157107381805
20864,1497.7306380175644
7151,1558.6598312646024
5321,1493.5618218679456
20908,1461.1249750842383
20914,1490.3526632132896
17815,1489.4397811633785
10207,1566.3253762886475
17892,1486.2427939960178
6858,1487.1987000039423
20825,1516.2662395131438
5459,1477.0283717853222
18380,1469.879931549508
7048,1477.051620941556
9984,1463.1924722078022
5401,1455.756167156683
9414,1463.810620706264
22410,1474.66818272151
7044,1442.0743572957424
22436,1489.4061029975423
21290,1496.8776055271069
20823,1487.1987000039423
4492,1489.7501513055186
20225,1476.8227607332356
15967,1477.328904720787
20817,1468.3288450993198
22438,1476.7328525864834
20228,1487.1987000039423
10627,1510.7836437239364
21718,1485.5489423972883
19290,1481.3500807558012
7302,1498.5466809230088
20226,1497.1987000039423
5463,1504.3848735295044
17888,1472.7972375083773
19291,1515.1665943976293
5424,1497.5879450617324
21721,1476.9045277327957
17565,1508.5159835087172
21723,1455.0055298794575
19294,1510.7135226541272
22431,1481.4358524920199
16785,1480.7980500059134
5421,1505.1995407368515
5412,1481.4542055295062
7206,1485.2729883114166
22440,1478.0506819914367
11121,1492.8012999960577
4475,1495.591800041046
20229,1495.792407207336
20821,1478.2637014847733
8807,1486.923028514183
6825,1492.8012999960577
19318,1472.0220421607105
15685,1492.8012999960577
18342,1487.3417218134464
21299,1487.8469740462926
18838,1485.200169527999
7046,1494.514711428508
22409,1486.0365776491549
22430,1485.9603011988913
21717,1486.1559793222264
17982,1473.4566097848542
22083,1504.7687592899
12587,1486.5024374926081
10408,1480.7980500059134
7045,1505.845853077295
10411,1469.0843627509057
22439,1483.7605350981144
12585,1474.3974000078847
22437,1503.026855410699
9141,1487.1987000039423
20179,1513.3529709077493
21714,1478.5047218918976
20824,1480.7980500059134
10629,1503.657486556697
8493,1466.9419459705941
22432,1479.5140631904633
22434,1483.715931356102
21666,1491.3061417049325
21133,1445.6399319500906
3165,1488.645873769025
21991,1552.6647528369226
20285,1480.6674802801274
20288,1477.7969324500814
20281,1488.2433608643903
20286,1547.8583230652475
20284,1647.907624376976
3109,1446.206055807922
3110,1476.3209533713339
20768,1477.597725006899
22468,1512.6147985786206
128663,1458.4895676666197
22469,1459.1932986616168
22090,1490.5353760391222
2588,1501.6900312577084
2804,1492.223304478654
5543,1497.1987000039423
18035,1466.0396206532607
8706,1491.662277569213
641,1500.7085348634039
20280,1649.5922568232797
20282,1439.7495675127252
20287,1416.390019470861
20283,1362.1836086643657
21072,1545.6000496882978
22465,1493.1874334547679
22463,1470.6934224544732
21240,1492.8012999960577
21063,1507.9309836929856
22454,1484.7027624916227
22464,1487.1987000039423
21734,1510.8640962079303
22442,1468.199528260354
21049,1517.3312805707021
22453,1477.597725006899
21233,1511.0984104169631
22446,1451.6223180348452
21047,1533.3495031484415
21068,1512.1336917882827
21062,1479.303737488666
22461,1472.7972375083773
21091,1574.9895015140376
21041,1523.3402028883731
22448,1483.8029249911299
22458,1487.1987000039423
22459,1500.0903128604568
21259,1496.3543379164444
21055,1495.5281326144718
21238,1500.3359184898445
21264,1525.5314076106154
21043,1511.6807005417577
21083,1460.5510492205708
21044,1509.0655209424701
21270,1542.5935497091768
21087,1544.257895178719
21078,1493.71961529205
21236,1497.1987000039423
21261,1488.448564341517
21268,1472.7972375083773
21058,1565.9675257942056
21249,1499.8229487039875
21281,1478.8427219723935
21736,1472.7972375083773
21042,1561.95344682918
21228,1479.9815222045004
21747,1505.692419675833
22116,1521.2497105380708
21728,1499.7332426287105
22441,1504.8660200337588
21740,1494.93839246597
22119,1500.9669194579612
22462,1479.2647534411985
22467,1455.3118274969722
22100,1512.204784586164
22455,1487.1987000039423
21230,1493.5769942758711
21726,1512.5478413416813
22460,1487.402274993101
22444,1477.597725006899
21253,1526.5232978853949
22447,1497.4344451442241
21741,1496.6894756662812
2595,1595.535077531675
10182,1477.7606494247673
22450,1470.2386847741748
22451,1476.6438524556834
22456,1487.1987000039423
22457,1465.4362878486675
21279,1418.346465358112
22113,1482.6825952104348
22443,1475.9975625073919
22117,1499.1761226679248
22445,1487.1987000039423
21086,1479.9013057740744
22466,1474.3974000078847
21080,1548.5797330038597
21284,1461.8233487557675
21232,1502.11363698196
22099,1524.244338955895
21275,1482.2879608129754
21229,1500.340776469262
21066,1534.9661314550044
21059,1531.2322420821022
19967,1483.8029249911299
21071,1533.5701059730904
21282,1495.0142747713826
22104,1521.617807531054
21075,1483.8029249911299
21235,1503.599350001971
21731,1489.2019499940866
22452,1474.3974000078847
21262,1506.363308341641
21077,1510.0
21749,1480.1920231025056
21050,1498.1513729971134
21738,1495.189300217776
21048,1552.2377339778238
22097,1479.303737488666
21210,1524.5137861431515
21280,1486.5024374926081
21218,1494.6209902189282
21054,1520.9587609489347
21269,1475.9975625073919
21082,1544.578724801658
22471,1445.965166085962
21073,1570.5362904927138
21250,1485.0156354392345
21226,1500.533004969198
21252,1522.793301418572
21237,1483.8029249911299
22449,1463.1662483575049
21209,1519.752829932654
22109,1508.1509544914577
21241,1487.402274993101
22120,1502.3944884665534
21239,1489.2019499940866
21081,1494.1003892701754
21070,1556.3951174595522
21277,1509.7363291164415
22115,1498.018927868691
21737,1508.3073271686358
19969,1489.2019499940866
4181,1477.1523325694334
3835,1487.1987000039423
5404,1524.955719249491
4390,1452.567911409072
5785,1476.4796170492646
4384,1448.898257867743
7348,1419.1631590559205
22433,1486.533678295594
6833,1492.8012999960577
11676,1573.0688147789813
4379,1628.4234569001446
4366,1475.929780337471
11692,1555.7739638452663
4207,1515.0175888207232
4371,1479.128509406558
5780,1452.9108647448138
7586,1464.3183880388208
20929,1549.7985868837281
6014,1545.4248532543688
3748,1523.2661242858242
21371,1482.3988018863365
21377,1502.0221483941327
22474,1487.6695548713558
22435,1474.573998114711
21311,1493.4399891852972
18896,1560.2796654962879
22069,1541.6982397980282
22472,1442.852052313085
22071,1505.4529129551815
22070,1381.7252381647675
18895,1464.3709037070532
22473,1493.9377233876478
19341,1546.1765393255048
21312,1514.3556324111908
18898,1480.9264769324225
8896,1574.7846263235335
10674,1485.58557832703
7501,1509.6992145979884
19223,1497.0348992113966
18832,1486.8125302706997
22429,1471.286037790402
20220,1603.2363166566893
21362,1471.5167286060853
22428,1441.0541532444236
8377,1551.9645486674742
19220,1450.97335013966
20853,1507.697253428871
8618,1499.794270757939
21801,1530.006068445347
19414,1510.2408016793024
22427,1476.6086716124018
7339,1517.9564094262719
22077,1472.6203950496865
19217,1487.0092919963245
20880,1494.6728939634652
8380,1467.3304390830428
19415,1523.8404731525354
19221,1614.596730519556
22426,1478.9122258199536
8392,1541.0158891201963
22425,1461.6180348264554
7517,1550.6621888964398
22424,1449.7356179496894
20919,1522.2921537941033
7268,1425.0682571551401
22475,1483.108438073791
21035,1506.465698581605
21076,1523.9477383891488
21039,1477.597725006899
19974,1512.5550009391782
21064,1530.4386191838232
21038,1501.4485363635545
21060,1574.4993508252712
21053,1525.6541486775777
19968,1487.1987000039423
21045,1499.3445478620024
21040,1489.5130583772816
22479,1486.1803100252835
18067,1484.7934575248746
3170,1502.8012999960577
22483,1488.2926241293685
22484,1494.5687742409411
7869,1400.371604323265
22485,1498.582332559636
9009,1490.3204608279684
21306,1524.686085733466
16917,1487.8727906066522
18908,1497.951815987231
22480,1503.1392755357952
18073,1507.4320621548018
21309,1489.2019499940866
18101,1497.6663888205242
18402,1473.9461103404537
6992,1482.0030802556273
7723,1489.4913979668042
18906,1502.1341647203812
22482,1497.0193768529637
21303,1504.7032782593699
22523,1518.3411051728458
22521,1482.9140322359171
4744,1476.3356583115954
22478,1480.8268585814462
22477,1481.2587740209228
159,1476.8393085882738
22516,1445.965166085962
2697,1539.9511236423461
272,1500.5578893006405
10683,1496.8805076624556
22481,1485.7511321229
22476,1480.7980500059134
7721,1505.5661236173084
5815,1519.2169265161747
21387,1487.213243153541
22487,1483.8353486177843
22486,1472.176350818283
22489,1543.041870303586
22490,1486.0385753889477
17129,1447.9292071783314
22520,1462.7617788100254
22518,1389.3946704677455
13783,1442.4354856834905
22517,1517.0556419654363
10096,1401.3445429936326
8416,1519.3643284968691
22533,1492.288422262594
5495,1407.7237170888882
21522,1526.882455907131
19002,1525.4261128810417
22519,1477.4599101100603
18967,1484.934270433513
10116,1425.59527762917
19432,1397.5542147187675
22534,1437.72989181252
21848,1460.753736349747
5252,1387.1709340436128
10307,1430.008983961016
22522,1466.6715195433683
7145,1421.4333268121457
21368,1490.6749991327135
22539,1464.4668892435204
18985,1454.850163744879
22538,1440.216875330863
21356,1498.5732022955478
7104,1470.5340927060543
22535,1414.791948609379
4860,1518.1318971341857
21389,1493.289736334869
19961,1475.9623277447788
4874,1483.8168335887785
22557,1507.8091820257384
22559,1497.1987000039423
18959,1495.4238317492905
20893,1464.9479448471893
21478,1490.136618911914
21706,1426.1047581934208
20920,1476.237116803224
18395,1467.9221980833129
20974,1474.4371088056266
21486,1545.8632095818962
21484,1458.2521051111905
21479,1485.3070996069166
21482,1492.9539840708592
22488,1406.8770133684072
20972,1490.7593179383225
21480,1523.2285844579376
2976,1421.2943342237725
20971,1479.467288068171
21557,1480.290087148063
21481,1499.4200595236339
21030,1489.5577617943572
20886,1508.773838541305
20884,1548.2720827726748
18736,1472.8579803059274
20883,1572.777543808384
21395,1512.6290509804771
18889,1448.174305043318
2764,1572.0495509188179
20967,1552.5994608678648
21485,1513.4623881179396
20909,1453.1868748409813
20973,1515.3983299596644
20865,1451.2871219589035
2762,1472.5728450706958
22536,1502.5286275390956
22537,1454.972931225901
22529,1635.3172754802613
19156,1517.8465931756723
21483,1486.01209760374
20698,1479.6996816124772
22562,1488.6062248923984
20885,1477.2750415790629
22558,1479.6904107764196
130864,1463.7760092008564
18520,1485.5331553779179
22560,1487.7243778007798
130873,1509.5039765203446
7506,1473.239945262691
22556,1479.7742354627467
15557,1478.0210839386064
22561,1487.2471259197082
11991,1493.4283060942385
130868,1502.0390865752997
6219,1499.71001755014
18198,1484.0883451362145
22563,1610.96844204011
18658,1522.657556356791
22564,1310.3983376799727
22565,1560.9685815903306
22532,1514.6496899297563
22524,1384.9646419745343
22525,1501.9645741153722
18662,1569.198052253748
18328,1495.150991704777
22526,1467.3228436804714
22540,1486.0188368261217
22542,1487.4681235727944
20672,1475.2518291543201
22541,1494.634617460796
22527,1407.9342484332967
18683,1488.6408694506915
22548,1482.884934484562
22543,1511.6304594682265
22544,1487.402274993101
20671,1492.4583780790251
22545,1493.5449521589146
21855,1479.8349478710843
22546,1508.734731131091
22547,1484.6988971843512
18457,1487.0220669636167
19987,1494.5657215753956
20664,1482.6456613080024
21852,1482.1059783698777
22549,1507.2814765620353
19167,1484.7027624916227
18414,1544.989394855187
11669,1550.4650608012719
22528,1541.354545866658
22550,1486.5024374926081
19184,1488.1745512270106
22551,1484.4201314043403
22552,1489.667517931022
22553,1497.1987000039423
20673,1496.3955804319378
17829,1509.653893816809
22555,1489.2019499940866
4282,1511.9200030505299
20844,1442.7915082696898
22554,1490.479199341172
20933,1504.7520822319354
10996,1493.8245367256607
20003,1533.5181092784762
7507,1522.7035237999576
19349,1482.6184865996754
5781,1480.8304503413985
130875,1376.552873050797
2791,1514.8936195323013
2936,1421.534671068129
20856,1444.496194940638
22530,1450.579487562659
22531,1501.3950437981919
2891,1494.4378261355066
21502,1459.321074893116
130877,1463.1682629844922
20995,1477.763779859147
130880,1417.7455802046604
18332,1496.5001534013477
3035,1490.0664574765146
15582,1481.5117836067182
20019,1400.9553730570947
21516,1460.2121444350726
7059,1502.6765145631412
7062,1468.5109520420137
8510,1513.0025922160237
17763,1502.0994808274472
5195,1454.2279648921992
130898,1494.595006342446
7785,1487.5803625506321
5171,1534.6518713272353
5172,1498.672292905656
130879,1519.6414850840033
20930,1485.7811149984684
20922,1467.5554019582985
20925,1496.9396584075114
131257,1441.8327626444088
131260,1408.838512025964
20951,1488.6436835895781
131258,1607.751032055998
131261,1535.8908638420241
131259,1472.955827705802
131256,1532.731001725803
20944,1486.6257170913063
20934,1459.538999586729
20935,1462.5979578246934
4939,1514.6644230355953
11690,1480.1201799940727
130876,1459.3808219239668
9777,1489.9673203133473
18305,1473.3404972623698
18304,1637.1283143449991
8625,1472.7469132789154
18772,1421.5831049938038
21951,1489.2551879699158
18221,1479.3362541684885
21823,1508.5028477987767
131255,1459.81415324811
21301,1469.1419482095323
21302,1498.3097531697833
20916,1491.7866629762304
21129,1459.7981669972994
21911,1476.591732941322
2528,1509.0117203783389
20028,1507.6391901973948
17862,1477.2325582158696
8309,1480.6641633125025
8284,1499.0228660676146
10376,1503.229838562955
17519,1483.6652842371868
18752,1492.4456420098893
490,1506.6494818669428
5238,1474.1772696716491
2940,1497.0668563500465
131227,1491.2683588991802
8281,1463.283003371246
7833,1492.6031050332174
2494,1486.6225308642745
3364,1471.7602102375079
560,1497.3428878132938
2710,1494.2109569480187
21945,1476.9476707945155
542,1475.714890906007
8591,1492.5016334119334
20725,1556.466633923148
21032,1439.4782181596513
131228,1495.3359139860518
131207,1514.7324661175726
21949,1587.2806135060202
6608,1489.8858055592746
131295,1436.6094450531416
130912,1421.836273653178
8334,1487.8978782358809
11550,1479.3339377480381
131213,1543.336579276819
131206,1344.1472766489999
131296,1439.3917823859954
7260,1470.7476820451022
2990,1525.7163908826167
21946,1491.639223485141
131282,1478.1503312866778
11677,1423.9923310728855
515,1508.1362600521734
21003,1503.8563987071184
21530,1564.3807082534465
11494,1475.9621839968554
12367,1522.4343460505988
18333,1435.8809952541028
131230,1478.5323252789478
561,1499.6203259213116
131229,1471.3659575289187
21005,1575.0261293757903
2491,1469.221698186382
18762,1468.3753150109708
131347,1492.183252199473
4691,1506.3834297461187
131235,1489.3177306270513
7243,1500.9556850966603
3024,1521.837917835516
9943,1451.2173441891225
7027,1484.5705267798
6972,1513.914481070301
8317,1529.9101318597236
10126,1520.0823545962492
3759,1482.8800361892831
6974,1489.4406035957795
18734,1517.1128248836044
131304,1537.5467281011934
131305,1441.802024051599
131293,1451.9215041680363
9280,1406.5904398994146
313,1568.6998183454323
3267,1455.1183753931377
131361,1493.6337125914604
11137,1488.6799754442313
3175,1486.5024374926081
6182,1480.9190271329112
3952,1468.1117610411707
120,1492.2367561788742
131246,1496.8956631428039
4055,1472.7342770308278
3290,1415.4175473338628
3961,1492.8012999960577
12706,1472.8371174817423
995,1498.6046063119322
131294,1465.1004139882616
131290,1455.4231565656041
6631,1483.340586029546
21935,1472.2730062655164
6396,1477.4191950145166
6664,1490.1483675732177
8524,1493.8397378705372
20120,1469.8418707390686
131208,1451.9034294652356
8057,1514.7746527547533
18282,1496.0089848463829
15601,1473.936972537577
7277,1472.000750861959
18836,1584.488049304158
131218,1467.4220424473046
130899,1506.727152560831
10387,1487.7514251765674
17492,1483.025308123892
20732,1481.7829085689136
131289,1471.5342769192348
19476,1491.7947289738804
131219,1471.9791654605633
20023,1487.6492949880032
21513,1479.2519171196348
20987,1485.5165651019374
6422,1476.697408173087
20983,1491.6026589999065
7026,1476.8678060156424
18745,1480.4310073252082
131210,1424.480705617975
609,1469.9997406556852
131387,1494.143406353455
131388,1477.4664466208308
131389,1508.875874084639
130878,1503.5059299772415
131390,1452.538701229396
131391,1456.9313538621932
17811,1503.0138273726536
131354,1469.0657190015397
17810,1509.7454957676628
131353,1473.6806258845727
10418,1451.130585879291
21969,1502.3178992549404
131393,1614.8075397546997
20728,1475.6278378438578
131452,1472.7224800729166
131448,1498.8486421295495
131381,1473.0701674328755
20943,1446.6694810548654
4209,1484.7490072158505
20926,1495.4989188674483
20945,1513.6752620461812
14290,1502.879548660178
20940,1455.5906745003895
18413,1473.72469378159
19213,1492.971263626548
20937,1446.1079834041927
4257,1534.457811387386
20931,1500.4777143394415
20928,1509.7326955864476
20924,1424.0735519878344
20936,1467.2018077592456
131297,1448.5448500891443
131453,1517.0130394323983
131447,1448.1487198371558
131454,1499.258667706179
131455,1506.5993402400452
131449,1532.6523434404826
131397,1433.9514777944805
131298,1475.7178245442528
131451,1546.7763488133498
20923,1469.482149718741
19348,1510.7217389478167
20939,1440.5984017538092
20932,1483.3082926042187
20938,1477.1448203609102
131385,1502.5290492198146
131386,1517.764192410057
131383,1492.6965352751765
21144,1492.7268326184142
131382,1472.3553763028774
131384,1466.602166765391
131363,1489.6918272519458
131450,1477.9804183279232
131460,1451.8122547644382
525,1540.4070719942595
2550,1468.0578211956274
131364,1477.3862363331807
18991,1460.227565685384
8357,1483.5507565019855
4045,1487.953027526296
131461,1406.0090208191946
7134,1537.9475467662953
550,1497.6248216508345
131456,1443.381932849855
131459,1456.1969246695928
131373,1514.5964603221369
21010,1485.7069173547302
12008,1506.749442239174
131374,1488.307687474324
131376,1501.3534828191548
7528,1507.3446252980425
18977,1513.5343210462831
21006,1505.9108478631904
131377,1484.513691155125
131375,1507.3582954382096
21645,1465.0191069828923
130901,1490.9214822191745
130900,1485.4448037808272
131400,1455.4439974498555
21171,1517.9975260919305
131399,1484.7372088654897
18013,1485.533472608738
131396,1518.1444271996775
8571,1486.7691948638976
21663,1492.7534970477811
18847,1504.8465038239267
131395,1475.948783568988
8559,1487.1987000039423
22010,1499.7528334989786
131394,1489.7395115129661
21662,1515.5087474844497
131402,1512.587879715929
131403,1466.1916020519288
131409,1481.4064414874292
131411,1489.8520794225028
131413,1498.634927831426
131405,1484.4315768256283
131408,1485.2241215189958
131410,1486.6225308642745
131412,1487.768961462946
131406,1492.9771372614687
131407,1484.7694811446536
131414,1486.6225308642745
131415,1492.5625557720687
131416,1501.5871322389046
131417,1474.1785501900365
131418,1481.5954833959045
21681,1483.3774691357255
131419,1465.5423119989307
131404,1513.016047745141
2836,1490.491234870196
5194,1507.9051365616847
10615,1483.838294727214
5203,1458.7362632785198
7790,1484.0594981782504
10296,1489.2458490536876
5210,1485.7882225556905
10606,1492.3141987206075
130896,1612.2028658614881
5204,1494.4287351471849
2918,1477.1181508603845
15114,1473.3707118503364
2840,1500.2991565848718
19966,1512.9834784425764
5212,1485.7273440754536
8451,1504.2731308631933
2833,1514.817012049372
130897,1445.4047125547886
5209,1556.456319061851
11653,1483.4602891722834
131378,1521.6458625821092
20830,1481.8058351726124
131423,1519.3129204437828
21560,1453.5132730547161
131432,1497.1987000039423
22197,1502.8012999960577
21360,1477.5590562891316
21396,1477.666174355528
131431,1478.6037177641265
22188,1497.1987000039423
131429,1502.8012999960577
21357,1485.7052034672843
21359,1472.3530195499195
131427,1472.2660824149639
130902,1581.578225880622
130903,1465.4344510527346
21569,1481.6783204587557
130906,1447.3024128196355
131426,1477.597725006899
131433,1522.402274993101
131445,1492.6560305971927
21599,1498.2831835060674
131437,1463.7493022852202
21628,1502.609276893552
131442,1479.099934655687
21692,1492.6938714164282
131430,1462.7105100176375
22063,1474.550631505675
131439,1487.1003437016775
21607,1508.0123982327766
130904,1475.5156310065786
130905,1522.442597763445
131425,1477.597725006899
131428,1522.402274993101
131434,1458.344915285894
130907,1463.6098750329038
21616,1507.491357577097
21625,1488.3853104479524
131440,1512.597725006899
21700,1487.402274993101
131436,1502.2337299293463
22056,1510.7980500059134
131441,1489.2019499940866
131443,1488.768711491708
22054,1487.740132581742
131444,1489.2753565793116
131438,1476.9700553533787
131435,1507.1987000039423
21609,1492.8012999960577
22068,1507.1987000039423
131446,1492.8012999960577
22053,1492.4583780790251
21626,1502.5130451275068
21567,1524.2129692155015
130909,1438.612620581195
21566,1597.1657686494761
130908,1488.7940993674476
21215,1488.0714430780047
21735,1471.7325290634433
22101,1492.9463720352928
131490,1486.8627815140978
21752,1486.7691948638976
21214,1512.6823571520197
131489,1492.4151665373474
21727,1507.2731673815858
131481,1483.2744455305308
131493,1493.1793970024635
21251,1486.6838346229317
21212,1486.697660735738
131492,1497.1799746731306
131475,1512.609276893552
131487,1491.765928065381
21225,1486.6007375921106
131483,1487.7483044540227
131482,1480.7980500059134
21753,1519.2019499940866
131485,1510.5133391830823
21217,1481.3015851085572
131480,1486.4347026403655
22114,1492.5124743278054
131484,1468.0299149058785
131478,1485.6887615392627
21272,1481.8711870428212
131476,1490.1168704990016
22112,1477.6875346833597
21057,1529.1757319710682
21751,1486.164019307212
21743,1513.4975625073919
131479,1486.5024374926081
131477,1497.1987000039423
131486,1502.8012999960577
21234,1492.6306214391614
131496,1469.2390701908805
131491,1492.4638825271309
21222,1502.9422319874895
21248,1479.7898335996074
8507,1486.3685643565104
131465,1487.719718408037
131467,1484.9403043789873
12594,1481.916635916547
14257,1479.656119789281
11484,1507.0393518331464
131471,1476.3553770651092
131462,1480.276803758025
22038,1506.1105171958975
9028,1477.597725006899
5428,1522.402274993101
18808,1477.260758216665
131463,1472.8961259822731
17564,1478.720009871914
11487,1512.1522007885685
17890,1497.1987000039423
9136,1502.8012999960577
19292,1477.2316486411667
131468,1481.5675725240199
131473,1510.2941722711466
21295,1481.1530753345642
131466,1507.258198739615
17567,1497.7248928172398
19288,1507.1987000039423
17886,1492.8012999960577
7047,1514.2054313118824
8991,1487.1523764998826
18337,1483.7900411485446
9553,1492.5373562122636
22082,1478.5667847289853
18388,1486.9706326301905
5464,1504.3206420305532
131458,1492.4521063004786
131470,1497.038126935545
131474,1497.765453465362
131469,1483.4864510483062
20827,1497.0088927887216
22088,1475.4054366622086
14263,1510.8207750522115
9138,1492.1507871337205
131464,1488.9887941412321
2738,1497.1987000039423
9449,1502.8012999960577
20181,1506.9283536890355
131472,1477.336671311282
15683,1479.86784103806
7155,1509.6989903529732
292,1472.4731362799039
3806,1510.9229363821382
3915,1502.0186827601767
10183,1480.7001356127132
131494,1524.051216431012
3857,1475.948783568988
3535,1479.1923789254906
12271,1465.692789315846
5767,1507.1987000039423
131495,1492.8012999960577
18312,1475.6251063705686
20198,1488.8621426202944
17970,1510.7269188473274
130882,1390.4252139147968
4956,1439.2540541763124
16288,1362.416123419167
20064,1586.926146787232
16287,1611.4036756172886
8420,1573.924728888223
16295,1506.5471493264909
8412,1610.8992837767246
6649,1596.5150616734381
18765,1357.4127709326126
130884,1562.1153508526736
8427,1489.736536509312
130885,1302.8491180405251
130883,1455.9453335027918
16218,1642.902533735084
5377,1595.5625358060818
8419,1369.030094535765
5351,1378.5944221755103
130888,1591.7728673336603
5379,1449.0007104616604
8414,1580.632000029169
20063,1352.4635354583716
130886,1475.0437376374946
6650,1572.4307448078914
18768,1558.4661348062468
5054,1569.3545170142868
16306,1603.138209889847
22031,1451.5212411181399
130893,1583.8861285400133
5349,1509.8361193715516
130887,1359.2670010143102
11399,1470.6516582809859
130891,1529.3483417190141
8425,1468.0438501445142
6689,1511.9561498554858
17971,1494.1447667298555
16301,1505.8552332701445
16300,1529.8504723843741
130889,1499.8574300643825
17974,1489.9459526264673
8422,1480.3461449247761
17975,1513.5522498673129
22033,1506.4477501326871
8415,1507.9015616358383
17976,1492.0984383641617
8454,1510.0951883740174
130890,1489.9048116259826
