seasonType,eventId,teamId,homeAway,winner,formation,active,starter,jersey,athleteId,athleteDisplayName,position,formationPlace,subbedIn,subbedInForAthleteId,subbedInForAthleteJersey,subInAthleteId,subInClockValue,subInDisplayClock,subbedOut,subbedOutForAthleteId,subbedOutForAthleteJersey,subOutAthleteId,subOutClockValue,subOutDisplayClock,updateTime
13701,759215,9980,home,1,4-3-3,1,1,1,207490,Daniel Hoban,Goalkeeper,1,0,0,-1,,,,0,0,-1,,,,2025-10-26 05:20:30
13701,759215,9980,home,1,4-3-3,1,1,6,370301,Ramsay Davidson,Right Back,2,0,0,-1,,,,0,0,-1,,,,2025-10-26 05:20:30
13701,759215,9980,home,1,4-3-3,1,1,3,410012,Zach Stephen,Left Back,3,0,0,-1,,,,0,0,-1,,,,2025-10-26 05:20:30
13701,759215,9980,home,1,4-3-3,1,1,5,277676,Nathan Cooney,Center Midfielder,4,0,0,-1,,,,0,0,-1,,,,2025-10-26 05:20:30
13701,759215,9980,home,1,4-3-3,1,1,2,228897,Joe McCabe,Center Right Defender,5,0,0,-1,,,,0,0,-1,,,,2025-10-26 05:20:30
13701,759215,9980,home,1,4-3-3,1,1,4,43705,Mark Reynolds,Center Left Defender,6,0,0,-1,,,,0,0,-1,,,,2025-10-26 05:20:30
13701,759215,9980,home,1,4-3-3,1,1,8,228754,Kain Winton,Right Midfielder,7,0,0,-1,,,,1,212708,17,212708.0,4260.0,71',2025-10-26 05:20:30
13701,759215,9980,home,1,4-3-3,1,1,7,231512,Sam Pugh,Left Midfielder,8,0,0,-1,,,,0,0,-1,,,,2025-10-26 05:20:30
13701,759215,9980,home,1,4-3-3,1,1,9,321351,Liam Duell,Forward,9,0,0,-1,,,,1,249182,14,249182.0,4020.0,67',2025-10-26 05:20:30
13701,759215,9980,home,1,4-3-3,1,1,10,329385,Magnus Watson,Right Forward,10,0,0,-1,,,,1,381069,16,381069.0,4740.0,79',2025-10-26 05:20:30
13701,759215,9980,home,1,4-3-3,1,1,11,139820,Mark Gilmour,Left Forward,11,0,0,-1,,,,0,0,-1,,,,2025-10-26 05:20:30
13701,759215,9980,home,1,4-3-3,1,0,18,260790,Jevan Anderson,Substitute,0,0,0,-1,,,,0,0,-1,,,,2025-10-26 05:20:30
13701,759215,9980,home,1,4-3-3,1,0,14,249182,Lachie Macleod,Substitute,0,1,321351,9,321351.0,4020.0,67',0,0,-1,,,,2025-10-26 05:20:30
13701,759215,9980,home,1,4-3-3,1,0,15,370302,Jason Selbie,Substitute,0,0,0,-1,,,,0,0,-1,,,,2025-10-26 05:20:30
13701,759215,9980,home,1,4-3-3,1,0,16,381069,Alex Balfour,Substitute,0,1,329385,10,329385.0,4740.0,79',0,0,-1,,,,2025-10-26 05:20:30
13701,759215,9980,home,1,4-3-3,1,0,12,397161,Matthew Duncan,Substitute,0,0,0,-1,,,,0,0,-1,,,,2025-10-26 05:20:30
13701,759215,9980,home,1,4-3-3,1,0,17,212708,Max Alexander,Substitute,0,1,228754,8,228754.0,4260.0,71',0,0,-1,,,,2025-10-26 05:20:30
13701,759215,7170,away,0,4-4-2,1,1,21,228827,Andy Reid,Goalkeeper,1,0,0,-1,,,,1,167994,1,167994.0,1200.0,20',2025-10-26 05:20:30
13701,759215,7170,away,0,4-4-2,1,1,12,410060,Will Sim,Right Back,2,0,0,-1,,,,1,277591,24,277591.0,2820.0,47',2025-10-26 05:20:30
13701,759215,7170,away,0,4-4-2,1,1,4,228826,Kieran Lawrence,Left Back,3,0,0,-1,,,,0,0,-1,,,,2025-10-26 05:20:30
13701,759215,7170,away,0,4-4-2,1,1,7,228940,Jamie Beagrie,Center Right Midfielder,4,0,0,-1,,,,1,392319,25,392319.0,5040.0,84',2025-10-26 05:20:30
13701,759215,7170,away,0,4-4-2,1,1,3,228881,Bryan Hay,Center Right Defender,5,0,0,-1,,,,0,0,-1,,,,2025-10-26 05:20:30
13701,759215,7170,away,0,4-4-2,1,1,8,127295,William West,Center Left Defender,6,0,0,-1,,,,0,0,-1,,,,2025-10-26 05:20:30
13701,759215,7170,away,0,4-4-2,1,1,19,312058,Callan Gray,Right Midfielder,7,0,0,-1,,,,0,0,-1,,,,2025-10-26 05:20:30
13701,759215,7170,away,0,4-4-2,1,1,6,228945,Paul Young,Center Left Midfielder,8,0,0,-1,,,,0,0,-1,,,,2025-10-26 05:20:30
13701,759215,7170,away,0,4-4-2,1,1,14,291526,Logan Watt,Center Left Forward,9,0,0,-1,,,,1,276903,17,276903.0,2820.0,47',2025-10-26 05:20:30
13701,759215,7170,away,0,4-4-2,1,1,11,167993,Scott Barbour,Center Right Forward,10,0,0,-1,,,,1,229543,10,229543.0,4560.0,76',2025-10-26 05:20:30
13701,759215,7170,away,0,4-4-2,1,1,16,176462,Gregor Buchanan,Left Midfielder,11,0,0,-1,,,,0,0,-1,,,,2025-10-27 05:16:32
13701,759215,7170,away,0,4-4-2,1,0,24,277591,Lewis Duncan,Substitute,0,1,410060,12,410060.0,2820.0,47',0,0,-1,,,,2025-10-26 05:20:30
13701,759215,7170,away,0,4-4-2,1,0,17,276903,Sean Butcher,Substitute,0,1,291526,14,291526.0,2820.0,47',0,0,-1,,,,2025-10-26 05:20:30
13701,759215,7170,away,0,4-4-2,1,0,20,245410,Joshua Hawkins,Substitute,0,0,0,-1,,,,0,0,-1,,,,2025-10-26 05:20:30
13701,759215,7170,away,0,4-4-2,1,0,10,229543,Liam Strachan,Substitute,0,1,167993,11,167993.0,4560.0,76',0,0,-1,,,,2025-10-26 05:20:30
13701,759215,7170,away,0,4-4-2,1,0,1,167994,Joe Barbour,Substitute,0,1,228827,21,228827.0,1200.0,20',0,0,-1,,,,2025-10-26 05:20:30
13701,759215,7170,away,0,4-4-2,1,0,25,392319,Dylan Robertson,Substitute,0,1,228940,7,228940.0,5040.0,84',0,0,-1,,,,2025-10-26 05:20:30
13701,759215,7170,away,0,4-4-2,1,0,15,113055,Fraser Stewart,Substitute,0,0,0,-1,,,,0,0,-1,,,,2025-10-26 05:20:30
13701,759216,22366,home,0,4-3-3,1,1,1,186033,Sam Ramsbottom,Goalkeeper,1,0,0,-1,,,,0,0,-1,,,,2025-10-25 05:16:14
13701,759216,22366,home,0,4-3-3,1,1,2,7374,Jonathan Mitchell,Right Back,2,0,0,-1,,,,0,0,-1,,,,2025-10-25 05:16:14
13701,759216,22366,home,0,4-3-3,1,1,3,394834,Ryan Shanks,Left Back,3,0,0,-1,,,,0,0,-1,,,,2025-10-25 05:16:14
13701,759216,22366,home,0,4-3-3,1,1,10,394841,Craig Snedden,Center Midfielder,4,0,0,-1,,,,1,329702,14,329702.0,4140.0,69',2025-10-25 05:16:14
13701,759216,22366,home,0,4-3-3,1,1,4,413581,Josh Wishart,Center Right Defender,5,0,0,-1,,,,0,0,-1,,,,2025-10-25 05:16:14
13701,759216,22366,home,0,4-3-3,1,1,5,329325,David Cross,Center Left Defender,6,0,0,-1,,,,0,0,-1,,,,2025-10-25 05:16:14
13701,759216,22366,home,0,4-3-3,1,1,8,351843,James Russell,Right Midfielder,7,0,0,-1,,,,1,326252,16,326252.0,5040.0,84',2025-10-25 05:16:14
13701,759216,22366,home,0,4-3-3,1,1,6,346140,Majid Suleyman,Left Midfielder,8,0,0,-1,,,,1,394850,33,394850.0,2700.0,45',2025-10-25 05:16:14
13701,759216,22366,home,0,4-3-3,1,1,9,312048,Michael Weir,Forward,9,0,0,-1,,,,0,0,-1,,,,2025-10-25 05:16:14
13701,759216,22366,home,0,4-3-3,1,1,7,413580,Pele Hagger,Right Forward,10,0,0,-1,,,,1,93413,12,93413.0,2700.0,45',2025-10-25 05:16:14
13701,759216,22366,home,0,4-3-3,1,1,11,359222,Godwin Kangni-Soupke,Left Forward,11,0,0,-1,,,,0,0,-1,,,,2025-10-25 05:16:14
13701,759216,22366,home,0,4-3-3,1,0,15,394840,Blair Woodburn,Substitute,0,0,0,-1,,,,0,0,-1,,,,2025-10-25 05:16:14
13701,759216,22366,home,0,4-3-3,1,0,13,413582,Jamie Dick,Substitute,0,0,0,-1,,,,0,0,-1,,,,2025-10-25 05:16:14
13701,759216,22366,home,0,4-3-3,1,0,14,329702,Ben Woloszyn,Substitute,0,1,394841,10,394841.0,4140.0,69',0,0,-1,,,,2025-10-25 05:16:14
13701,759216,22366,home,0,4-3-3,1,0,33,394850,Chris Ogilvie,Substitute,0,1,346140,6,346140.0,2700.0,45',0,0,-1,,,,2025-10-25 05:16:14
13701,759216,22366,home,0,4-3-3,1,0,16,326252,Michael Beagley,Substitute,0,1,351843,8,351843.0,5040.0,84',0,0,-1,,,,2025-10-25 05:16:14
13701,759216,22366,home,0,4-3-3,1,0,17,297694,Ross Nimmo,Substitute,0,0,0,-1,,,,0,0,-1,,,,2025-10-25 05:16:14
13701,759216,22366,home,0,4-3-3,1,0,12,93413,Callum MacDonald,Substitute,0,1,413580,7,413580.0,2700.0,45',0,0,-1,,,,2025-10-25 05:16:14
13701,759216,8565,away,1,4-3-3,1,1,1,210409,Cameron Binnie,Goalkeeper,1,0,0,-1,,,,0,0,-1,,,,2025-10-25 05:16:14
13701,759216,8565,away,1,4-3-3,1,1,22,252064,Jamie Watson,Right Back,2,0,0,-1,,,,0,0,-1,,,,2025-10-25 05:16:14
13701,759216,8565,away,1,4-3-3,1,1,3,240726,Cameron Thompson,Left Back,3,0,0,-1,,,,0,0,-1,,,,2025-10-25 05:16:14
13701,759216,8565,away,1,4-3-3,1,1,8,253683,Connor Mcmullan,Center Midfielder,4,0,0,-1,,,,0,0,-1,,,,2025-10-25 05:16:14
13701,759216,8565,away,1,4-3-3,1,1,6,327811,Greg Skinner,Center Right Defender,5,0,0,-1,,,,0,0,-1,,,,2025-10-25 05:16:14
13701,759216,8565,away,1,4-3-3,1,1,5,370253,Ciaran Greene,Center Left Defender,6,0,0,-1,,,,0,0,-1,,,,2025-10-25 05:16:14
13701,759216,8565,away,1,4-3-3,1,1,28,378327,Louis Maguire,Right Midfielder,7,0,0,-1,,,,1,303779,24,303779.0,5400.0,90'+1',2025-10-25 05:16:14
13701,759216,8565,away,1,4-3-3,1,1,25,277546,Paul Kennedy,Left Midfielder,8,0,0,-1,,,,1,303677,17,303677.0,3240.0,54',2025-10-25 05:16:14
13701,759216,8565,away,1,4-3-3,1,1,10,97706,Calum Rae,Forward,9,0,0,-1,,,,1,179659,9,179659.0,3660.0,61',2025-10-25 05:16:14
13701,759216,8565,away,1,4-3-3,1,1,19,277682,Oliver Hamilton,Right Forward,10,0,0,-1,,,,1,243631,23,243631.0,5400.0,90'+1',2025-10-25 05:16:14
13701,759216,8565,away,1,4-3-3,1,1,11,347274,Lucas Stenhouse,Left Forward,11,0,0,-1,,,,0,0,-1,,,,2025-10-25 05:16:14
13701,759216,8565,away,1,4-3-3,1,0,9,179659,Blair Henderson,Substitute,0,1,97706,10,97706.0,3660.0,61',0,0,-1,,,,2025-10-25 05:16:14
13701,759216,8565,away,1,4-3-3,1,0,14,397555,Matthew Falconer,Substitute,0,0,0,-1,,,,0,0,-1,,,,2025-10-25 05:16:14
13701,759216,8565,away,1,4-3-3,1,0,20,223909,Craig Smith,Substitute,0,0,0,-1,,,,0,0,-1,,,,2025-10-25 05:16:14
13701,759216,8565,away,1,4-3-3,1,0,23,243631,Joseph Smith,Substitute,0,1,277682,19,277682.0,5400.0,90'+1',0,0,-1,,,,2025-10-25 05:16:14
13701,759216,8565,away,1,4-3-3,1,0,17,303677,James Berry,Substitute,0,1,277546,25,277546.0,3240.0,54',0,0,-1,,,,2025-10-25 05:16:14
13701,759216,8565,away,1,4-3-3,1,0,24,303779,Jamie Allen,Substitute,0,1,378327,28,378327.0,5400.0,90'+1',0,0,-1,,,,2025-10-25 05:16:14
13701,759216,8565,away,1,4-3-3,1,0,4,31098,Gary Thom,Substitute,0,0,0,-1,,,,0,0,-1,,,,2025-10-25 05:16:14
13701,759216,8565,away,1,4-3-3,1,0,12,329330,Chic Bell,Substitute,0,0,0,-1,,,,0,0,-1,,,,2025-10-25 05:16:14
13701,759216,8565,away,1,4-3-3,1,0,16,352576,Alan Sneddon,Substitute,0,0,0,-1,,,,0,0,-1,,,,2025-10-25 05:16:14
13701,759217,413,home,1,4-3-3,1,1,1,353157,Ruaridh Lynch,Goalkeeper,1,0,0,-1,,,,0,0,-1,,,,2025-10-26 05:20:30
13701,759217,413,home,1,4-3-3,1,1,21,388278,Wallace Baird,Right Back,2,0,0,-1,,,,0,0,-1,,,,2025-10-26 05:20:30
13701,759217,413,home,1,4-3-3,1,1,15,398377,Trialist Trialist 1,Left Back,3,0,0,-1,,,,0,0,-1,,,,2025-10-26 05:20:30
13701,759217,413,home,1,4-3-3,1,1,8,223409,Paul Watson,Center Midfielder,4,0,0,-1,,,,0,0,-1,,,,2025-10-26 05:20:30
13701,759217,413,home,1,4-3-3,1,1,2,329312,Kieran Sweeney,Center Right Defender,5,0,0,-1,,,,0,0,-1,,,,2025-10-26 05:20:30
13701,759217,413,home,1,4-3-3,1,1,3,347002,Bayley Klimionek,Center Left Defender,6,0,0,-1,,,,0,0,-1,,,,2025-10-26 05:20:30
13701,759217,413,home,1,4-3-3,1,1,10,260041,Fraser Macleod,Right Midfielder,7,0,0,-1,,,,0,0,-1,,,,2025-10-26 05:20:30
13701,759217,413,home,1,4-3-3,1,1,17,324545,John Moreland,Left Midfielder,8,0,0,-1,,,,1,376256,16,376256.0,4320.0,72',2025-10-26 05:20:30
13701,759217,413,home,1,4-3-3,1,1,11,193442,Ben Armour,Forward,9,0,0,-1,,,,1,279963,18,279963.0,3720.0,62',2025-10-26 05:20:30
13701,759217,413,home,1,4-3-3,1,1,9,366855,Finlay Allan,Right Forward,10,0,0,-1,,,,1,407233,14,407233.0,2700.0,45',2025-10-26 05:20:30
13701,759217,413,home,1,4-3-3,1,1,7,263900,Mitchell Taylor,Left Forward,11,0,0,-1,,,,0,0,-1,,,,2025-10-26 05:20:30
13701,759217,413,home,1,4-3-3,1,0,23,368323,Rowan Weir,Substitute,0,0,0,-1,,,,0,0,-1,,,,2025-10-26 05:20:30
13701,759217,413,home,1,4-3-3,1,0,16,376256,Harry Craig,Substitute,0,1,324545,17,324545.0,4320.0,72',0,0,-1,,,,2025-10-26 05:20:30
13701,759217,413,home,1,4-3-3,1,0,18,279963,Grady Mcgrath,Substitute,0,1,193442,11,193442.0,3720.0,62',0,0,-1,,,,2025-10-26 05:20:30
13701,759217,413,home,1,4-3-3,1,0,12,96666,Cillian Sheridan,Substitute,0,0,0,-1,,,,0,0,-1,,,,2025-10-26 05:20:30
13701,759217,413,home,1,4-3-3,1,0,14,407233,Mitchell Findlay,Substitute,0,1,366855,9,366855.0,2700.0,45',0,0,-1,,,,2025-10-26 05:20:30
13701,759217,20847,away,0,4-3-3,1,1,1,251149,Scott Costello,Goalkeeper,1,0,0,-1,,,,0,0,-1,,,,2025-10-26 05:20:30
13701,759217,20847,away,0,4-3-3,1,1,2,293662,S. Ellis,Right Back,2,0,0,-1,,,,1,413611,16,413611.0,3900.0,65',2025-10-26 05:20:30
13701,759217,20847,away,0,4-3-3,1,1,3,162836,A. Hendry,Left Back,3,0,0,-1,,,,0,0,-1,,,,2025-10-26 05:20:30
13701,759217,20847,away,0,4-3-3,1,1,8,179653,Finn Graham,Center Midfielder,4,0,0,-1,,,,0,0,-1,,,,2025-10-26 05:20:30
13701,759217,20847,away,0,4-3-3,1,1,5,168159,Jordan Wright,Center Right Defender,5,0,0,-1,,,,0,0,-1,,,,2025-10-26 05:20:30
13701,759217,20847,away,0,4-3-3,1,1,4,239935,Jordan Orru,Center Left Defender,6,0,0,-1,,,,0,0,-1,,,,2025-10-26 05:20:30
13701,759217,20847,away,0,4-3-3,1,1,7,291511,Tyler Mckenzie,Right Midfielder,7,0,0,-1,,,,0,0,-1,,,,2025-10-26 05:20:30
13701,759217,20847,away,0,4-3-3,1,1,6,260607,Fionn McLeod Kay,Left Midfielder,8,0,0,-1,,,,1,165270,14,165270.0,2700.0,45',2025-10-26 05:20:30
13701,759217,20847,away,0,4-3-3,1,1,9,137316,Jack Wilson,Forward,9,0,0,-1,,,,0,0,-1,,,,2025-10-26 05:20:30
13701,759217,20847,away,0,4-3-3,1,1,10,309601,Lucas Berry,Right Forward,10,0,0,-1,,,,0,0,-1,,,,2025-10-26 05:20:30
13701,759217,20847,away,0,4-3-3,1,1,11,168942,Ross Drummond,Left Forward,11,0,0,-1,,,,0,0,-1,,,,2025-10-26 05:20:30
13701,759217,20847,away,0,4-3-3,1,0,14,165270,Jake Nicholson,Substitute,0,1,260607,6,260607.0,2700.0,45',0,0,-1,,,,2025-10-26 05:20:30
13701,759217,20847,away,0,4-3-3,1,0,99,360375,Owain Clark,Substitute,0,0,0,-1,,,,0,0,-1,,,,2025-10-26 05:20:30
13701,759217,20847,away,0,4-3-3,1,0,12,390678,Ewan Simpson,Substitute,0,0,0,-1,,,,0,0,-1,,,,2025-10-26 05:20:30
13701,759217,20847,away,0,4-3-3,1,0,15,413461,R. Heatherill,Substitute,0,0,0,-1,,,,0,0,-1,,,,2025-10-26 05:20:30
13701,759217,20847,away,0,4-3-3,1,0,18,413608,Hamish Mcintyre,Substitute,0,0,0,-1,,,,0,0,-1,,,,2025-10-26 05:20:30
13701,759217,20847,away,0,4-3-3,1,0,19,413609,Robbie Dick,Substitute,0,0,0,-1,,,,0,0,-1,,,,2025-10-26 05:20:30
13701,759217,20847,away,0,4-3-3,1,0,16,413611,Lewis Mckenzie,Substitute,0,1,293662,2,293662.0,3900.0,65',0,0,-1,,,,2025-10-26 05:20:30
13701,759218,18846,home,0,4-4-1-1,1,1,1,370242,Bernard White,Goalkeeper,1,0,0,-1,,,,0,0,-1,,,,2025-10-26 05:20:30
13701,759218,18846,home,0,4-4-1-1,1,1,2,255732,Jack Brown,Right Back,2,0,0,-1,,,,1,163774,10,163774.0,3960.0,66',2025-10-26 05:20:30
13701,759218,18846,home,0,4-4-1-1,1,1,3,370272,Robbie Stewart,Left Back,3,0,0,-1,,,,0,0,-1,,,,2025-10-26 05:20:30
13701,759218,18846,home,0,4-4-1-1,1,1,14,32081,Ryan Murray,Center Right Midfielder,4,0,0,-1,,,,0,0,-1,,,,2025-10-26 05:20:30
13701,759218,18846,home,0,4-4-1-1,1,1,6,144049,Daniel Martins,Center Right Defender,5,0,0,-1,,,,0,0,-1,,,,2025-10-26 05:20:30
13701,759218,18846,home,0,4-4-1-1,1,1,12,282315,Jack Mcdowall,Center Left Defender,6,0,0,-1,,,,0,0,-1,,,,2025-10-26 05:20:30
13701,759218,18846,home,0,4-4-1-1,1,1,11,260625,Cameron Breadner,Right Midfielder,7,0,0,-1,,,,1,308894,18,308894.0,4560.0,76',2025-10-26 05:20:30
13701,759218,18846,home,0,4-4-1-1,1,1,5,254318,John Guthrie,Center Left Midfielder,8,0,0,-1,,,,0,0,-1,,,,2025-10-26 05:20:30
13701,759218,18846,home,0,4-4-1-1,1,1,9,190426,Ross McNeil,Forward,9,0,0,-1,,,,1,356365,24,356365.0,4560.0,76',2025-10-26 05:20:30
13701,759218,18846,home,0,4-4-1-1,1,1,20,317305,Lennon Walker,Rear Center Forward,10,0,0,-1,,,,0,0,-1,,,,2025-10-26 05:20:30
13701,759218,18846,home,0,4-4-1-1,1,1,23,169045,Jamie Walker,Left Midfielder,11,0,0,-1,,,,1,326889,15,326889.0,3960.0,66',2025-10-26 05:20:30
13701,759218,18846,home,0,4-4-1-1,1,0,75,373766,Kyle King,Substitute,0,0,0,-1,,,,0,0,-1,,,,2025-10-26 05:20:30
13701,759218,18846,home,0,4-4-1-1,1,0,24,356365,Bright Prince,Substitute,0,1,190426,9,190426.0,4560.0,76',0,0,-1,,,,2025-10-26 05:20:30
13701,759218,18846,home,0,4-4-1-1,1,0,15,326889,Aidan Clocherty,Substitute,0,1,169045,23,169045.0,3960.0,66',0,0,-1,,,,2025-10-26 05:20:30
13701,759218,18846,home,0,4-4-1-1,1,0,18,308894,Dom Mcmahon,Substitute,0,1,260625,11,260625.0,4560.0,76',0,0,-1,,,,2025-10-26 05:20:30
13701,759218,18846,home,0,4-4-1-1,1,0,21,308688,Callum Biggar,Substitute,0,0,0,-1,,,,0,0,-1,,,,2025-10-26 05:20:30
13701,759218,18846,home,0,4-4-1-1,1,0,16,413603,Riley Daniel,Substitute,0,0,0,-1,,,,0,0,-1,,,,2025-10-26 05:20:30
13701,759218,18846,home,0,4-4-1-1,1,0,10,163774,Connor McLaren,Substitute,0,1,255732,2,255732.0,3960.0,66',0,0,-1,,,,2025-10-26 05:20:30
13701,759218,18846,home,0,4-4-1-1,1,0,8,42211,Marc Kelly,Substitute,0,0,0,-1,,,,0,0,-1,,,,2025-10-26 05:20:30
13701,759218,18846,home,0,4-4-1-1,1,0,22,370263,Martin Mcarthur,Substitute,0,0,0,-1,,,,0,0,-1,,,,2025-10-26 05:20:30
13701,759218,417,away,1,4-4-2,1,1,1,137450,Derek Gaston,Goalkeeper,1,0,0,-1,,,,0,0,-1,,,,2025-10-26 05:20:30
13701,759218,417,away,1,4-4-2,1,1,23,388260,Billy Hutchingson,Right Back,2,0,0,-1,,,,1,281964,7,281964.0,6120.0,102',2025-10-26 05:20:30
13701,759218,417,away,1,4-4-2,1,1,30,223317,Callum Crane,Left Back,3,0,0,-1,,,,0,0,-1,,,,2025-10-26 05:20:30
13701,759218,417,away,1,4-4-2,1,1,8,324910,Mackenzie Carse,Center Right Midfielder,4,0,0,-1,,,,0,0,-1,,,,2025-10-26 05:20:30
13701,759218,417,away,1,4-4-2,1,1,2,32332,Ross McGeachie,Center Right Defender,5,0,0,-1,,,,0,0,-1,,,,2025-10-26 05:20:30
13701,759218,417,away,1,4-4-2,1,1,6,259586,Kyle Banner,Center Left Defender,6,0,0,-1,,,,0,0,-1,,,,2025-10-26 05:20:30
13701,759218,417,away,1,4-4-2,1,1,22,179739,Jack Harkness,Right Midfielder,7,0,0,-1,,,,0,0,-1,,,,2025-10-26 05:20:30
13701,759218,417,away,1,4-4-2,1,1,5,190255,Robbie McNab,Center Left Midfielder,8,0,0,-1,,,,0,0,-1,,,,2025-10-26 05:20:30
13701,759218,417,away,1,4-4-2,1,1,9,368046,Christopher Eadie,Center Left Forward,9,0,0,-1,,,,0,0,-1,,,,2025-10-26 05:20:30
13701,759218,417,away,1,4-4-2,1,1,17,240703,Russell Mclean,Center Right Forward,10,0,0,-1,,,,1,57725,11,57725.0,4800.0,80',2025-10-26 05:20:30
13701,759218,417,away,1,4-4-2,1,1,15,409059,Lewis Hodgkiss,Left Midfielder,11,0,0,-1,,,,1,141875,25,141875.0,5400.0,90'+1',2025-10-26 05:20:30
13701,759218,417,away,1,4-4-2,1,1,15,409059,Lewis Hodgkiss,Left Midfielder,11,0,0,-1,,,,1,141875,25,141875.0,3420.0,57',2025-10-26 05:20:30
13701,759218,417,away,1,4-4-2,1,0,34,411865,Arran Kerr,Substitute,0,0,0,-1,,,,0,0,-1,,,,2025-10-26 05:20:30
13701,759218,417,away,1,4-4-2,1,0,11,57725,Adam Brown,Substitute,0,1,240703,17,240703.0,4800.0,80',0,0,-1,,,,2025-10-26 05:20:30
13701,759218,417,away,1,4-4-2,1,0,32,7452,Connor Campbell,Substitute,0,0,0,-1,,,,0,0,-1,,,,2025-10-26 05:20:30
13701,759218,417,away,1,4-4-2,1,0,25,141875,Dale Hilson,Substitute,0,1,409059,15,409059.0,3420.0,57',1,366872,21,366872.0,5400.0,90'+1',2025-10-26 05:20:30
13701,759218,417,away,1,4-4-2,1,0,12,347282,Cooper Knox,Substitute,0,0,0,-1,,,,0,0,-1,,,,2025-10-26 05:20:30
13701,759218,417,away,1,4-4-2,1,0,21,366872,Sam Featherstone,Substitute,0,1,141875,25,141875.0,3420.0,57',0,0,-1,,,,2025-10-26 05:20:30
13701,759218,417,away,1,4-4-2,1,0,21,366872,Sam Featherstone,Substitute,0,1,141875,25,141875.0,5400.0,90'+1',0,0,-1,,,,2025-10-26 05:20:30
13701,759218,417,away,1,4-4-2,1,0,24,382810,Kane Thomson,Substitute,0,0,0,-1,,,,0,0,-1,,,,2025-10-26 05:20:30
13701,759218,417,away,1,4-4-2,1,0,31,408353,Robert Duffy,Substitute,0,0,0,-1,,,,0,0,-1,,,,2025-10-26 05:20:30
13701,759218,417,away,1,4-4-2,1,0,7,281964,Corey Thomson,Substitute,0,1,388260,23,388260.0,6120.0,102',0,0,-1,,,,2025-10-26 05:20:30
13701,759219,20846,home,1,4-4-2,1,1,1,168051,Dean Shaw,Goalkeeper,1,0,0,-1,,,,0,0,-1,,,,2025-10-26 05:20:30
13701,759219,20846,home,1,4-4-2,1,1,4,171823,Jamie McCormack,Right Back,2,0,0,-1,,,,0,0,-1,,,,2025-10-26 05:20:30
13701,759219,20846,home,1,4-4-2,1,1,2,119383,Sean Burns,Left Back,3,0,0,-1,,,,0,0,-1,,,,2025-10-26 05:20:30
13701,759219,20846,home,1,4-4-2,1,1,6,260791,Jack Breen,Center Right Midfielder,4,0,0,-1,,,,0,0,-1,,,,2025-10-26 05:20:30
13701,759219,20846,home,1,4-4-2,1,1,5,286132,Declan Fitzpatrick,Center Right Defender,5,0,0,-1,,,,0,0,-1,,,,2025-10-26 05:20:30
13701,759219,20846,home,1,4-4-2,1,1,8,343197,Liam Mcquaid,Center Left Defender,6,0,0,-1,,,,0,0,-1,,,,2025-10-26 05:20:30
13701,759219,20846,home,1,4-4-2,1,1,11,275907,Dean Watson,Right Midfielder,7,0,0,-1,,,,1,375257,15,375257.0,5400.0,90'+3',2025-10-26 05:20:30
13701,759219,20846,home,1,4-4-2,1,1,16,119015,Jordan Kirkpatrick,Center Left Midfielder,8,0,0,-1,,,,1,413389,17,413389.0,3780.0,63',2025-10-26 05:20:30
13701,759219,20846,home,1,4-4-2,1,1,19,36094,Graham Taylor,Center Left Forward,9,0,0,-1,,,,0,0,-1,,,,2025-10-26 05:20:30
13701,759219,20846,home,1,4-4-2,1,1,24,226593,Ross Kavanagh,Center Right Forward,10,0,0,-1,,,,0,0,-1,,,,2025-10-26 05:20:30
13701,759219,20846,home,1,4-4-2,1,1,12,327810,Greg Macpherson,Left Midfielder,11,0,0,-1,,,,0,0,-1,,,,2025-10-26 05:20:30
13701,759219,20846,home,1,4-4-2,1,0,21,413417,Tjay Gibb,Substitute,0,0,0,-1,,,,0,0,-1,,,,2025-10-26 05:20:30
13701,759219,20846,home,1,4-4-2,1,0,17,413389,Nathan Wade,Substitute,0,1,119015,16,119015.0,3780.0,63',0,0,-1,,,,2025-10-26 05:20:30
13701,759219,20846,home,1,4-4-2,1,0,3,297699,Ross Hutchinson,Substitute,0,0,0,-1,,,,0,0,-1,,,,2025-10-26 05:20:30
13701,759219,20846,home,1,4-4-2,1,0,7,413388,Jason Walton,Substitute,0,0,0,-1,,,,0,0,-1,,,,2025-10-26 05:20:30
13701,759219,20846,home,1,4-4-2,1,0,25,308464,Lucas Williamson,Substitute,0,0,0,-1,,,,0,0,-1,,,,2025-10-26 05:20:30
13701,759219,20846,home,1,4-4-2,1,0,9,297689,Alexander Miller,Substitute,0,0,0,-1,,,,0,0,-1,,,,2025-10-26 05:20:30
13701,759219,20846,home,1,4-4-2,1,0,20,227014,Simon White,Substitute,0,0,0,-1,,,,0,0,-1,,,,2025-10-26 05:20:30
13701,759219,20846,home,1,4-4-2,1,0,15,375257,Ben Scarborough,Substitute,0,1,275907,11,275907.0,5400.0,90'+3',0,0,-1,,,,2025-10-26 05:20:30
13701,759219,131396,away,0,3-5-2,1,1,1,299694,Luke Scullion,Goalkeeper,1,0,0,-1,,,,0,0,-1,,,,2025-10-26 05:20:30
13701,759219,131396,away,0,3-5-2,1,1,2,45668,Craig Menzies,Right Midfielder,2,0,0,-1,,,,0,0,-1,,,,2025-10-26 05:20:30
13701,759219,131396,away,0,3-5-2,1,1,3,413474,Kian Gilday,Left Midfielder,3,0,0,-1,,,,0,0,-1,,,,2025-10-26 05:20:30
13701,759219,131396,away,0,3-5-2,1,1,5,413452,Danny O'Neill,Center Left Defender,4,0,0,-1,,,,0,0,-1,,,,2025-10-26 05:20:30
13701,759219,131396,away,0,3-5-2,1,1,4,206528,Cameron Eadie,Center Defender,5,0,0,-1,,,,0,0,-1,,,,2025-10-29 05:15:49
13701,759219,131396,away,0,3-5-2,1,1,6,206450,Stuart Faulds,Center Right Defender,6,0,0,-1,,,,0,0,-1,,,,2025-10-26 05:20:30
13701,759219,131396,away,0,3-5-2,1,1,11,329999,Aaron Mason,Center Right Midfielder,7,0,0,-1,,,,0,0,-1,,,,2025-10-26 05:20:30
13701,759219,131396,away,0,3-5-2,1,1,7,334270,Max Kerr,Center Left Midfielder,8,0,0,-1,,,,1,413475,20,413475.0,4800.0,80',2025-10-26 05:20:30
13701,759219,131396,away,0,3-5-2,1,1,9,126256,Allan Mackenzie,Center Left Forward,9,0,0,-1,,,,1,67426,12,67426.0,4380.0,73',2025-10-26 05:20:30
13701,759219,131396,away,0,3-5-2,1,1,10,247767,Darren Christie,Center Right Forward,10,0,0,-1,,,,1,324848,14,324848.0,3840.0,64',2025-10-26 05:20:30
13701,759219,131396,away,0,3-5-2,1,1,8,139802,Ian McShane,Attacking Midfielder,11,0,0,-1,,,,0,0,-1,,,,2025-10-26 05:20:30
13701,759219,131396,away,0,3-5-2,1,0,14,324848,Aiden Gilmartin,Substitute,0,1,247767,10,247767.0,3840.0,64',0,0,-1,,,,2025-10-26 05:20:30
13701,759219,131396,away,0,3-5-2,1,0,19,413616,Nicholas Gallagher,Substitute,0,0,0,-1,,,,0,0,-1,,,,2025-10-26 05:20:30
13701,759219,131396,away,0,3-5-2,1,0,16,413613,Ben Mullin,Substitute,0,0,0,-1,,,,0,0,-1,,,,2025-10-26 05:20:30
13701,759219,131396,away,0,3-5-2,1,0,15,413612,Jude Cummins,Substitute,0,0,0,-1,,,,0,0,-1,,,,2025-10-26 05:20:30
13701,759219,131396,away,0,3-5-2,1,0,13,413610,Evan Currie,Substitute,0,0,0,-1,,,,0,0,-1,,,,2025-10-26 05:20:30
13701,759219,131396,away,0,3-5-2,1,0,20,413475,Malky Mcdonald,Substitute,0,1,334270,7,334270.0,4800.0,80',0,0,-1,,,,2025-10-26 05:20:30
13701,759219,131396,away,0,3-5-2,1,0,12,67426,Kyle Lafferty,Substitute,0,1,126256,9,126256.0,4380.0,73',0,0,-1,,,,2025-10-26 05:20:30
13701,759219,131396,away,0,3-5-2,1,0,17,366803,Noah Grady,Substitute,0,0,0,-1,,,,0,0,-1,,,,2025-10-26 05:20:30
13701,759219,131396,away,0,3-5-2,1,0,18,253931,Leon Murphy,Substitute,0,0,0,-1,,,,0,0,-1,,,,2025-10-26 05:20:30
13701,759220,2831,home,1,4-2-3-1,1,1,1,170836,Marc Ridgers,Goalkeeper,1,0,0,-1,,,,0,0,-1,,,,2025-10-26 05:20:30
13701,759220,2831,home,1,4-2-3-1,1,1,2,335232,Ben Cormack,Right Back,2,0,0,-1,,,,1,387375,14,387375.0,2700.0,45',2025-10-26 05:20:30
13701,759220,2831,home,1,4-2-3-1,1,1,16,370273,Fergus Adams,Left Back,3,0,0,-1,,,,0,0,-1,,,,2025-10-26 05:20:30
13701,759220,2831,home,1,4-2-3-1,1,1,18,266914,Rorie MacLeod,Left Midfielder,4,0,0,-1,,,,1,229539,10,229539.0,2700.0,45',2025-10-26 05:20:30
13701,759220,2831,home,1,4-2-3-1,1,1,4,283735,Harry Nicolson,Center Right Defender,5,0,0,-1,,,,0,0,-1,,,,2025-10-26 05:20:30
13701,759220,2831,home,1,4-2-3-1,1,1,5,162820,Josh Meekings,Center Left Defender,6,0,0,-1,,,,0,0,-1,,,,2025-10-26 05:20:30
13701,759220,2831,home,1,4-2-3-1,1,1,11,269972,Allan MacPhee,Attacking Midfielder Right,7,0,0,-1,,,,0,0,-1,,,,2025-10-26 05:20:30
13701,759220,2831,home,1,4-2-3-1,1,1,17,232310,Greg Morrison,Right Midfielder,8,0,0,-1,,,,1,327819,15,327819.0,4980.0,83',2025-10-26 05:20:30
13701,759220,2831,home,1,4-2-3-1,1,1,17,232310,Greg Morrison,Right Midfielder,8,0,0,-1,,,,1,327819,15,327819.0,5400.0,90',2025-10-26 05:20:30
13701,759220,2831,home,1,4-2-3-1,1,1,9,297704,James Anderson,Forward,9,0,0,-1,,,,0,0,-1,,,,2025-10-26 05:20:30
13701,759220,2831,home,1,4-2-3-1,1,1,24,407318,Kuba Leszczynski,Attacking Midfielder,10,0,0,-1,,,,1,284808,6,284808.0,4620.0,77',2025-10-26 05:20:30
13701,759220,2831,home,1,4-2-3-1,1,1,7,375287,Troy Cooper,Attacking Midfielder Left,11,0,0,-1,,,,1,7150,21,7150.0,4980.0,83',2025-10-26 05:20:30
13701,759220,2831,home,1,4-2-3-1,1,0,19,375575,Struan Coli,Substitute,0,1,327819,15,327819.0,4980.0,83',0,0,-1,,,,2025-10-26 05:20:30
13701,759220,2831,home,1,4-2-3-1,1,0,13,409988,Aidan Colligan,Substitute,0,0,0,-1,,,,0,0,-1,,,,2025-10-26 05:20:30
13701,759220,2831,home,1,4-2-3-1,1,0,23,390917,Jacob Kerr,Substitute,0,0,0,-1,,,,0,0,-1,,,,2025-10-26 05:20:30
13701,759220,2831,home,1,4-2-3-1,1,0,14,387375,Ben Corner,Substitute,0,1,335232,2,335232.0,2700.0,45',0,0,-1,,,,2025-10-26 05:20:30
13701,759220,2831,home,1,4-2-3-1,1,0,19,375575,Struan Coli,Substitute,0,1,327819,15,327819.0,5400.0,90',0,0,-1,,,,2025-10-26 05:20:30
13701,759220,2831,home,1,4-2-3-1,1,0,21,7150,Scott Davidson,Substitute,0,1,375287,7,375287.0,4980.0,83',0,0,-1,,,,2025-10-26 05:20:30
13701,759220,2831,home,1,4-2-3-1,1,0,10,229539,Andrew Macrae,Substitute,0,1,266914,18,266914.0,2700.0,45',0,0,-1,,,,2025-10-26 05:20:30
13701,759220,2831,home,1,4-2-3-1,1,0,15,327819,Jack Davison,Substitute,0,1,232310,17,232310.0,4980.0,83',1,375575,19,375575.0,5400.0,90',2025-10-26 05:20:30
13701,759220,2831,home,1,4-2-3-1,1,0,6,284808,Ally Gillies,Substitute,0,1,407318,24,407318.0,4620.0,77',0,0,-1,,,,2025-10-26 05:20:30
13701,759220,21120,away,0,5-4-1,1,1,1,150434,Graham Bowman,Goalkeeper,1,0,0,-1,,,,0,0,-1,,,,2025-10-26 05:20:30
13701,759220,21120,away,0,5-4-1,1,1,3,413482,Archie Swanson,Right Back,2,0,0,-1,,,,0,0,-1,,,,2025-10-26 05:20:30
13701,759220,21120,away,0,5-4-1,1,1,15,207484,Jack Simpson,Left Back,3,0,0,-1,,,,0,0,-1,,,,2025-10-26 05:20:30
13701,759220,21120,away,0,5-4-1,1,1,5,392110,Callum Gardiner,Center Left Defender,4,0,0,-1,,,,0,0,-1,,,,2025-10-26 05:20:30
13701,759220,21120,away,0,5-4-1,1,1,4,34814,Jon Tully,Center Defender,5,0,0,-1,,,,1,413480,12,413480.0,4740.0,79',2025-10-26 05:20:30
13701,759220,21120,away,0,5-4-1,1,1,11,413476,Alastair Brown,Center Right Defender,6,0,0,-1,,,,0,0,-1,,,,2025-10-26 05:20:30
13701,759220,21120,away,0,5-4-1,1,1,14,413481,Josh Cairns,Right Midfielder,7,0,0,-1,,,,1,413626,16,413626.0,3960.0,66',2025-10-26 05:20:30
13701,759220,21120,away,0,5-4-1,1,1,7,5392,Paul Simpson,Center Right Midfielder,8,0,0,-1,,,,0,0,-1,,,,2025-10-26 05:20:30
13701,759220,21120,away,0,5-4-1,1,1,9,163025,Conor Kelly,Forward,9,0,0,-1,,,,0,0,-1,,,,2025-10-26 05:20:30
13701,759220,21120,away,0,5-4-1,1,1,6,208161,Samuel Collumbine,Center Left Midfielder,10,0,0,-1,,,,0,0,-1,,,,2025-10-26 05:20:30
13701,759220,21120,away,0,5-4-1,1,1,10,126323,Dylan McGowan,Left Midfielder,11,0,0,-1,,,,0,0,-1,,,,2025-10-28 05:13:22
13701,759220,21120,away,0,5-4-1,1,0,18,22052,Lee Sibanda,Substitute,0,0,0,-1,,,,0,0,-1,,,,2025-10-26 05:20:30
13701,759220,21120,away,0,5-4-1,1,0,16,413626,John Hill,Substitute,0,1,413481,14,413481.0,3960.0,66',0,0,-1,,,,2025-10-26 05:20:30
13701,759220,21120,away,0,5-4-1,1,0,20,413625,Keevean Brown,Substitute,0,0,0,-1,,,,0,0,-1,,,,2025-10-26 05:20:30
13701,759220,21120,away,0,5-4-1,1,0,12,413480,Rory Hutchinson,Substitute,0,1,34814,4,34814.0,4740.0,79',0,0,-1,,,,2025-10-26 05:20:30
13701,759221,255,home,0,4-2-3-1,1,1,1,271189,Brian Kinnear,Goalkeeper,1,0,0,-1,,,,0,0,-1,,,,2025-10-26 05:20:30
13701,759221,255,home,0,4-2-3-1,1,1,23,259585,Darren Hynes,Right Back,2,0,0,-1,,,,1,289947,22,289947.0,4560.0,76',2025-10-26 05:20:30
13701,759221,255,home,0,4-2-3-1,1,1,3,213552,Thomas Robson,Left Back,3,0,0,-1,,,,0,0,-1,,,,2025-10-26 05:20:30
13701,759221,255,home,0,4-2-3-1,1,1,27,180087,Andrew Murdoch,Left Midfielder,4,0,0,-1,,,,0,0,-1,,,,2025-10-26 05:20:30
13701,759221,255,home,0,4-2-3-1,1,1,5,212696,Craig Howie,Center Right Defender,5,0,0,-1,,,,0,0,-1,,,,2025-10-26 05:20:30
13701,759221,255,home,0,4-2-3-1,1,1,4,143389,Sam Campbell,Center Left Defender,6,0,0,-1,,,,1,176452,20,176452.0,2280.0,38',2025-10-26 05:20:30
13701,759221,255,home,0,4-2-3-1,1,1,10,250928,James Hilton,Attacking Midfielder Right,7,0,0,-1,,,,0,0,-1,,,,2025-10-26 05:20:30
13701,759221,255,home,0,4-2-3-1,1,1,17,289987,Mouhamed Niang,Right Midfielder,8,0,0,-1,,,,0,0,-1,,,,2025-10-26 05:20:30
13701,759221,255,home,0,4-2-3-1,1,1,9,344858,Scott Williamson,Forward,9,0,0,-1,,,,0,0,-1,,,,2025-10-26 05:20:30
13701,759221,255,home,0,4-2-3-1,1,1,24,347420,Taylor Sutherland,Attacking Midfielder,10,0,0,-1,,,,0,0,-1,,,,2025-10-26 05:20:30
13701,759221,255,home,0,4-2-3-1,1,1,16,292265,Kyle Connell,Attacking Midfielder Left,11,0,0,-1,,,,1,220706,8,220706.0,4860.0,81',2025-10-26 05:20:30
13701,759221,255,home,0,4-2-3-1,1,0,22,289947,Kyle Fleming,Substitute,0,1,259585,23,259585.0,4560.0,76',0,0,-1,,,,2025-10-26 05:20:30
13701,759221,255,home,0,4-2-3-1,1,0,18,347025,Shay Nevans,Substitute,0,0,0,-1,,,,0,0,-1,,,,2025-10-26 05:20:30
13701,759221,255,home,0,4-2-3-1,1,0,20,176452,Darren Lyon,Substitute,0,1,143389,4,143389.0,2280.0,38',0,0,-1,,,,2025-10-26 05:20:30
13701,759221,255,home,0,4-2-3-1,1,0,8,220706,Robbie Leitch,Substitute,0,1,292265,16,292265.0,4860.0,81',0,0,-1,,,,2025-10-26 05:20:30
13701,759221,255,home,0,4-2-3-1,1,0,12,291480,Jay Hogarth,Substitute,0,0,0,-1,,,,0,0,-1,,,,2025-10-26 05:20:30
13701,759221,7166,away,1,3-5-2,1,1,12,407317,Gio Clarke,Goalkeeper,1,0,0,-1,,,,0,0,-1,,,,2025-10-26 05:20:30
13701,759221,7166,away,1,3-5-2,1,1,14,291491,Ryan Muir,Right Midfielder,2,0,0,-1,,,,0,0,-1,,,,2025-10-26 05:20:30
13701,759221,7166,away,1,3-5-2,1,1,19,363431,Charlei Maxwell,Left Midfielder,3,0,0,-1,,,,0,0,-1,,,,2025-10-26 05:20:30
13701,759221,7166,away,1,3-5-2,1,1,3,310608,Max Kilsby,Center Left Defender,4,0,0,-1,,,,1,86441,7,86441.0,5340.0,89',2025-10-26 05:20:30
13701,759221,7166,away,1,3-5-2,1,1,6,78218,Keith Watson,Center Defender,5,0,0,-1,,,,0,0,-1,,,,2025-10-26 05:20:30
13701,759221,7166,away,1,3-5-2,1,1,2,168169,Scott Hooper,Center Right Defender,6,0,0,-1,,,,0,0,-1,,,,2025-10-26 05:20:30
13701,759221,7166,away,1,3-5-2,1,1,33,7191,William Gibson,Center Right Midfielder,7,0,0,-1,,,,0,0,-1,,,,2025-10-26 05:20:30
13701,759221,7166,away,1,3-5-2,1,1,4,290854,Josh Dixon,Center Left Midfielder,8,0,0,-1,,,,1,378619,11,378619.0,4980.0,83',2025-10-26 05:20:30
13701,759221,7166,away,1,3-5-2,1,1,5,231464,Tommy Muir,Center Left Forward,9,0,0,-1,,,,0,0,-1,,,,2025-10-26 05:20:30
13701,759221,7166,away,1,3-5-2,1,1,9,190469,Aidan Smith,Center Right Forward,10,0,0,-1,,,,0,0,-1,,,,2025-10-26 05:20:30
13701,759221,7166,away,1,3-5-2,1,1,8,153862,Josh Todd,Attacking Midfielder,11,0,0,-1,,,,0,0,-1,,,,2025-10-26 05:20:30
13701,759221,7166,away,1,3-5-2,1,0,7,86441,Paul Mcgowan,Substitute,0,1,310608,3,310608.0,5340.0,89',0,0,-1,,,,2025-10-26 05:20:30
13701,759221,7166,away,1,3-5-2,1,0,11,378619,Gravine Kalala,Substitute,0,1,290854,4,290854.0,4980.0,83',0,0,-1,,,,2025-10-26 05:20:30
13701,759221,7166,away,1,3-5-2,1,0,1,42511,Greg Fleming,Substitute,0,0,0,-1,,,,0,0,-1,,,,2025-10-26 05:20:30
13701,759221,7166,away,1,3-5-2,1,0,15,11555,Steven Bell,Substitute,0,0,0,-1,,,,0,0,-1,,,,2025-10-26 05:20:30
13701,759222,18012,home,0,4-3-3,1,1,1,291473,Harry Broun,Goalkeeper,1,0,0,-1,,,,0,0,-1,,,,2025-10-26 05:20:30
13701,759222,18012,home,0,4-3-3,1,1,2,308578,Adam Fernie,Right Back,2,0,0,-1,,,,0,0,-1,,,,2025-10-26 05:20:30
13701,759222,18012,home,0,4-3-3,1,1,11,229899,Ji Stevenson,Left Back,3,0,0,-1,,,,1,290817,3,290817.0,4560.0,76',2025-10-26 05:20:30
13701,759222,18012,home,0,4-3-3,1,1,12,308685,Aiden Mclaughlin,Center Midfielder,4,0,0,-1,,,,0,0,-1,,,,2025-10-26 05:20:30
13701,759222,18012,home,0,4-3-3,1,1,4,324919,Pat Moy,Center Right Defender,5,0,0,-1,,,,0,0,-1,,,,2025-10-26 05:20:30
13701,759222,18012,home,0,4-3-3,1,1,6,248921,Liam Allison,Center Left Defender,6,0,0,-1,,,,0,0,-1,,,,2025-10-26 05:20:30
13701,759222,18012,home,0,4-3-3,1,1,7,271182,Joshua Jack,Right Midfielder,7,0,0,-1,,,,1,251856,15,251856.0,4680.0,78',2025-10-26 05:20:30
13701,759222,18012,home,0,4-3-3,1,1,17,388136,Lyle Hunter,Left Midfielder,8,0,0,-1,,,,1,304585,8,304585.0,3720.0,62',2025-10-26 05:20:30
13701,759222,18012,home,0,4-3-3,1,1,9,180035,William Mortimer,Forward,9,0,0,-1,,,,1,377141,16,377141.0,4560.0,76',2025-10-26 05:20:30
13701,759222,18012,home,0,4-3-3,1,1,21,410061,Abraham Osemake,Right Forward,10,0,0,-1,,,,1,411892,19,411892.0,4560.0,76',2025-10-26 05:20:30
13701,759222,18012,home,0,4-3-3,1,1,18,388135,Josh Farquhar,Left Forward,11,0,0,-1,,,,0,0,-1,,,,2025-10-26 05:20:30
13701,759222,18012,home,0,4-3-3,1,0,13,11024,Scott Cowie,Substitute,0,0,0,-1,,,,0,0,-1,,,,2025-10-26 05:20:30
13701,759222,18012,home,0,4-3-3,1,0,19,411892,Finn Mcguigan,Substitute,0,1,410061,21,410061.0,4560.0,76',0,0,-1,,,,2025-10-26 05:20:30
13701,759222,18012,home,0,4-3-3,1,0,15,251856,Jack Devlin,Substitute,0,1,271182,7,271182.0,4680.0,78',0,0,-1,,,,2025-10-26 05:20:30
13701,759222,18012,home,0,4-3-3,1,0,3,290817,Cameron Dickson,Substitute,0,1,229899,11,229899.0,4560.0,76',0,0,-1,,,,2025-10-26 05:20:30
13701,759222,18012,home,0,4-3-3,1,0,8,304585,Scott Walker,Substitute,0,1,388136,17,388136.0,3720.0,62',0,0,-1,,,,2025-10-26 05:20:30
13701,759222,18012,home,0,4-3-3,1,0,16,377141,Conor Falls,Substitute,0,1,180035,9,180035.0,4560.0,76',0,0,-1,,,,2025-10-26 05:20:30
13701,759222,18012,home,0,4-3-3,1,0,10,350681,Cole Mcintyre,Substitute,0,0,0,-1,,,,0,0,-1,,,,2025-10-26 05:20:30
13701,759222,10605,away,1,3-5-2,1,1,1,240904,Ross Connelly,Goalkeeper,1,0,0,-1,,,,0,0,-1,,,,2025-10-26 05:20:30
13701,759222,10605,away,1,3-5-2,1,1,11,169558,Billy King,Right Midfielder,2,0,0,-1,,,,0,0,-1,,,,2025-10-26 05:20:30
13701,759222,10605,away,1,3-5-2,1,1,6,366858,Jay Mcgarva,Left Midfielder,3,0,0,-1,,,,0,0,-1,,,,2025-10-26 05:20:30
13701,759222,10605,away,1,3-5-2,1,1,3,233660,Neil Martyniuk,Center Left Defender,4,0,0,-1,,,,0,0,-1,,,,2025-10-26 05:20:30
13701,759222,10605,away,1,3-5-2,1,1,22,231565,Callum Connelly,Center Defender,5,0,0,-1,,,,0,0,-1,,,,2025-10-26 05:20:30
13701,759222,10605,away,1,3-5-2,1,1,5,224288,Kieran Sommerville,Center Right Defender,6,0,0,-1,,,,0,0,-1,,,,2025-10-26 05:20:30
13701,759222,10605,away,1,3-5-2,1,1,12,398368,Max Dowling,Center Right Midfielder,7,0,0,-1,,,,1,107564,8,107564.0,4020.0,67',2025-10-26 05:20:30
13701,759222,10605,away,1,3-5-2,1,1,23,408225,Danny Dobbie,Center Left Midfielder,8,0,0,-1,,,,0,0,-1,,,,2025-10-26 05:20:30
13701,759222,10605,away,1,3-5-2,1,1,19,381405,Laurie Devine,Center Left Forward,9,0,0,-1,,,,1,346615,17,346615.0,4020.0,67',2025-10-26 05:20:30
13701,759222,10605,away,1,3-5-2,1,1,9,248986,Cameron Ross,Center Right Forward,10,0,0,-1,,,,0,0,-1,,,,2025-10-26 05:20:30
13701,759222,10605,away,1,3-5-2,1,1,7,312346,Alassan Jones,Attacking Midfielder,11,0,0,-1,,,,0,0,-1,,,,2025-10-26 05:20:30
13701,759222,10605,away,1,3-5-2,1,0,18,407227,Josh Beveridge,Substitute,0,0,0,-1,,,,0,0,-1,,,,2025-10-26 05:20:30
13701,759222,10605,away,1,3-5-2,1,0,25,85337,Marc Anderson,Substitute,0,0,0,-1,,,,0,0,-1,,,,2025-10-26 05:20:30
13701,759222,10605,away,1,3-5-2,1,0,8,107564,Kallum Higginbotham,Substitute,0,1,398368,12,398368.0,4020.0,67',0,0,-1,,,,2025-10-26 05:20:30
13701,759222,10605,away,1,3-5-2,1,0,4,128787,Dean Hoskins,Substitute,0,0,0,-1,,,,0,0,-1,,,,2025-10-26 05:20:30
13701,759222,10605,away,1,3-5-2,1,0,2,352572,Josh Laing,Substitute,0,0,0,-1,,,,0,0,-1,,,,2025-10-26 05:20:30
13701,759222,10605,away,1,3-5-2,1,0,17,346615,Kian Speirs,Substitute,0,1,381405,19,381405.0,4020.0,67',0,0,-1,,,,2025-10-26 05:20:30
13701,759222,10605,away,1,3-5-2,1,0,16,401033,Callum Hogg,Substitute,0,0,0,-1,,,,0,0,-1,,,,2025-10-26 05:20:30
13701,759222,10605,away,1,3-5-2,1,0,20,390650,Rudi Bryce,Substitute,0,0,0,-1,,,,0,0,-1,,,,2025-10-26 05:20:30
13701,759223,415,home,1,3-5-2,1,1,28,366792,Shay Kelly,Goalkeeper,1,0,0,-1,,,,0,0,-1,,,,2025-10-26 05:20:30
13701,759223,415,home,1,3-5-2,1,1,25,378999,Gordon Walker,Right Midfielder,2,0,0,-1,,,,0,0,-1,,,,2025-10-26 05:20:30
13701,759223,415,home,1,3-5-2,1,1,3,270299,Cameron Clark,Left Midfielder,3,0,0,-1,,,,0,0,-1,,,,2025-10-26 05:20:30
13701,759223,415,home,1,3-5-2,1,1,23,190862,Morgyn Neil,Center Left Defender,4,0,0,-1,,,,0,0,-1,,,,2025-10-26 05:20:30
13701,759223,415,home,1,3-5-2,1,1,5,141011,Mark Durnan,Center Defender,5,0,0,-1,,,,0,0,-1,,,,2025-10-26 05:20:30
13701,759223,415,home,1,3-5-2,1,1,4,271188,Kristian Webster,Center Right Defender,6,0,0,-1,,,,1,179626,2,179626.0,3960.0,66',2025-10-26 05:20:30
13701,759223,415,home,1,3-5-2,1,1,6,190465,Ryan Blair,Center Right Midfielder,7,0,0,-1,,,,1,366801,8,366801.0,4680.0,78',2025-10-26 05:20:30
13701,759223,415,home,1,3-5-2,1,1,18,207453,Dominic Docherty,Center Left Midfielder,8,0,0,-1,,,,1,123714,11,123714.0,4380.0,73',2025-10-26 05:20:30
13701,759223,415,home,1,3-5-2,1,1,10,206523,Alistair Roy,Center Left Forward,9,0,0,-1,,,,1,355996,7,355996.0,3960.0,66',2025-10-26 05:20:30
13701,759223,415,home,1,3-5-2,1,1,15,153020,Leighton Mcintosh,Center Right Forward,10,0,0,-1,,,,0,0,-1,,,,2025-10-26 05:20:30
13701,759223,415,home,1,3-5-2,1,1,21,347015,Scott Honeyman,Attacking Midfielder,11,0,0,-1,,,,1,169804,22,169804.0,4380.0,73',2025-10-26 05:20:30
13701,759223,415,home,1,3-5-2,1,0,20,411244,Max Mcarthur,Substitute,0,0,0,-1,,,,0,0,-1,,,,2025-10-26 05:20:30
13701,759223,415,home,1,3-5-2,1,0,17,407000,Thomas Falconer,Substitute,0,0,0,-1,,,,0,0,-1,,,,2025-10-26 05:20:30
13701,759223,415,home,1,3-5-2,1,0,1,392109,Luke Smallwood,Substitute,0,0,0,-1,,,,0,0,-1,,,,2025-10-26 05:20:30
13701,759223,415,home,1,3-5-2,1,0,27,370251,Kai Kirkpatrick,Substitute,0,0,0,-1,,,,0,0,-1,,,,2025-10-26 05:20:30
13701,759223,415,home,1,3-5-2,1,0,7,355996,Scott Tomlinson,Substitute,0,1,206523,10,206523.0,3960.0,66',0,0,-1,,,,2025-10-26 05:20:30
13701,759223,415,home,1,3-5-2,1,0,2,179626,Aron Lynas,Substitute,0,1,271188,4,271188.0,3960.0,66',0,0,-1,,,,2025-10-26 05:20:30
13701,759223,415,home,1,3-5-2,1,0,22,169804,Chris Johnston,Substitute,0,1,347015,21,347015.0,4380.0,73',0,0,-1,,,,2025-10-26 05:20:30
13701,759223,415,home,1,3-5-2,1,0,11,123714,Tony Wallace,Substitute,0,1,207453,18,207453.0,4380.0,73',0,0,-1,,,,2025-10-26 05:20:30
13701,759223,415,home,1,3-5-2,1,0,8,366801,Carrick Mcevoy,Substitute,0,1,190465,6,190465.0,4680.0,78',0,0,-1,,,,2025-10-26 05:20:30
13701,759223,22010,away,0,4-4-1-1,1,1,1,413453,Gary Thain,Goalkeeper,1,0,0,-1,,,,0,0,-1,,,,2025-10-26 05:20:30
13701,759223,22010,away,0,4-4-1-1,1,1,16,413456,Ben Sivewright,Right Back,2,0,0,-1,,,,0,0,-1,,,,2025-10-26 05:20:30
13701,759223,22010,away,0,4-4-1-1,1,1,21,413459,Jamie Timmons,Left Back,3,0,0,-1,,,,1,413466,18,413466.0,4860.0,81',2025-10-26 05:20:30
13701,759223,22010,away,0,4-4-1-1,1,1,12,413464,Jamie Crowe,Center Right Midfielder,4,0,0,-1,,,,0,0,-1,,,,2025-10-26 05:20:30
13701,759223,22010,away,0,4-4-1-1,1,1,5,309537,Greg Mccolm,Center Right Defender,5,0,0,-1,,,,1,413467,19,413467.0,3840.0,64',2025-10-26 05:20:30
13701,759223,22010,away,0,4-4-1-1,1,1,14,24138,James Simpson,Center Left Defender,6,0,0,-1,,,,0,0,-1,,,,2025-10-26 05:20:30
13701,759223,22010,away,0,4-4-1-1,1,1,7,180011,Sam Simpson,Right Midfielder,7,0,0,-1,,,,0,0,-1,,,,2025-10-26 05:20:30
13701,759223,22010,away,0,4-4-1-1,1,1,15,105422,Stefan Elvin,Center Left Midfielder,8,0,0,-1,,,,0,0,-1,,,,2025-10-26 05:20:30
13701,759223,22010,away,0,4-4-1-1,1,1,10,413469,Jay Yule,Forward,9,0,0,-1,,,,0,0,-1,,,,2025-10-26 05:20:30
13701,759223,22010,away,0,4-4-1-1,1,1,4,413460,Kieron Crighton,Rear Center Forward,10,0,0,-1,,,,1,167768,6,167768.0,3840.0,64',2025-10-26 05:20:30
13701,759223,22010,away,0,4-4-1-1,1,1,11,250374,Jamie Gill,Left Midfielder,11,0,0,-1,,,,1,413465,3,413465.0,4860.0,81',2025-10-26 05:20:30
13701,759223,22010,away,0,4-4-1-1,1,0,8,413614,Aaron Flood,Substitute,0,0,0,-1,,,,0,0,-1,,,,2025-10-26 05:20:30
13701,759223,22010,away,0,4-4-1-1,1,0,17,413618,Andrew Ballantine,Substitute,0,0,0,-1,,,,0,0,-1,,,,2025-10-26 05:20:30
13701,759223,22010,away,0,4-4-1-1,1,0,18,413466,Kyle Mcmulkin,Substitute,0,1,413459,21,413459.0,4860.0,81',0,0,-1,,,,2025-10-26 05:20:30
13701,759223,22010,away,0,4-4-1-1,1,0,3,413465,Nairn Lowe,Substitute,0,1,250374,11,250374.0,4860.0,81',0,0,-1,,,,2025-10-26 05:20:30
13701,759223,22010,away,0,4-4-1-1,1,0,22,413455,Jordi Duncan,Substitute,0,0,0,-1,,,,0,0,-1,,,,2025-10-26 05:20:30
13701,759223,22010,away,0,4-4-1-1,1,0,6,167768,Jamie Hume,Substitute,0,1,413460,4,413460.0,3840.0,64',0,0,-1,,,,2025-10-26 05:20:30
13701,759223,22010,away,0,4-4-1-1,1,0,19,413467,Nick Mann,Substitute,0,1,309537,5,309537.0,3840.0,64',0,0,-1,,,,2025-10-26 05:20:30
13701,759224,18015,home,1,4-1-3-2,1,1,21,255840,Paddy Martin,Goalkeeper,1,0,0,-1,,,,0,0,-1,,,,2025-10-26 05:20:30
13701,759224,18015,home,1,4-1-3-2,1,1,2,262798,Kieran Watson,Right Back,2,0,0,-1,,,,0,0,-1,,,,2025-10-26 05:20:30
13701,759224,18015,home,1,4-1-3-2,1,1,19,365870,Ethan Drysdale,Left Back,3,0,0,-1,,,,1,145039,3,145039.0,2700.0,45',2025-10-26 05:20:30
13701,759224,18015,home,1,4-1-3-2,1,1,4,137317,Sean Welsh,Sweeper,4,0,0,-1,,,,1,324794,8,324794.0,3660.0,61',2025-10-26 05:20:30
13701,759224,18015,home,1,4-1-3-2,1,1,15,250561,Aryton Sonkur,Center Right Defender,5,0,0,-1,,,,1,365874,12,365874.0,840.0,14',2025-10-26 05:20:30
13701,759224,18015,home,1,4-1-3-2,1,1,23,248928,Kevin Waugh,Center Left Defender,6,0,0,-1,,,,0,0,-1,,,,2025-10-26 05:20:30
13701,759224,18015,home,1,4-1-3-2,1,1,7,228919,Jamie Dishington,Right Midfielder,7,0,0,-1,,,,0,0,-1,,,,2025-10-26 05:20:30
13701,759224,18015,home,1,4-1-3-2,1,1,28,176470,James Craigen,Center Midfielder,8,0,0,-1,,,,0,0,-1,,,,2025-10-26 05:20:30
13701,759224,18015,home,1,4-1-3-2,1,1,11,206430,Cameron Russell,Center Right Forward,9,0,0,-1,,,,0,0,-1,,,,2025-10-26 05:20:30
13701,759224,18015,home,1,4-1-3-2,1,1,9,139835,Marc McNulty,Center Left Forward,10,0,0,-1,,,,1,260605,29,260605.0,4140.0,69',2025-10-26 05:20:30
13701,759224,18015,home,1,4-1-3-2,1,1,33,334325,Bradley Whyte,Left Midfielder,11,0,0,-1,,,,0,0,-1,,,,2025-10-26 05:20:30
13701,759224,18015,home,1,4-1-3-2,1,0,6,345984,Bailey Dall,,0,0,0,-1,,,,0,0,-1,,,,2025-10-26 05:20:30
13701,759224,18015,home,1,4-1-3-2,1,0,8,324794,Murray Aiken,,0,1,137317,4,137317.0,3660.0,61',0,0,-1,,,,2025-10-26 05:20:30
13701,759224,18015,home,1,4-1-3-2,1,0,3,145039,Callum Booth,,0,1,365870,19,365870.0,2700.0,45',0,0,-1,,,,2025-10-26 05:20:30
13701,759224,18015,home,1,4-1-3-2,1,0,29,260605,Mark Stowe,,0,1,139835,9,139835.0,4140.0,69',0,0,-1,,,,2025-10-26 05:20:30
13701,759224,18015,home,1,4-1-3-2,1,0,20,366804,Given Ndlovu,,0,0,0,-1,,,,0,0,-1,,,,2025-10-26 05:20:30
13701,759224,18015,home,1,4-1-3-2,1,0,1,212947,Blair Carswell,,0,0,0,-1,,,,0,0,-1,,,,2025-10-26 05:20:30
13701,759224,18015,home,1,4-1-3-2,1,0,17,384139,Archie Wylie,,0,0,0,-1,,,,0,0,-1,,,,2025-10-26 05:20:30
13701,759224,18015,home,1,4-1-3-2,1,0,12,365874,Kenzi Nair,,0,1,250561,15,250561.0,840.0,14',0,0,-1,,,,2025-10-26 05:20:30
13701,759224,17582,away,0,3-5-2,1,1,1,366869,Freddie Owens,Goalkeeper,1,0,0,-1,,,,0,0,-1,,,,2025-10-26 05:20:30
13701,759224,17582,away,0,3-5-2,1,1,10,261415,John Robertson,Right Midfielder,2,0,0,-1,,,,0,0,-1,,,,2025-10-26 05:20:30
13701,759224,17582,away,0,3-5-2,1,1,7,206524,Nathan Flanagan,Left Midfielder,3,0,0,-1,,,,1,293874,11,293874.0,4080.0,68',2025-10-26 05:20:30
13701,759224,17582,away,0,3-5-2,1,1,23,232290,Jordan McGregor,Center Left Defender,4,0,0,-1,,,,0,0,-1,,,,2025-10-26 05:20:30
13701,759224,17582,away,0,3-5-2,1,1,2,170447,David Ferguson,Center Defender,5,0,0,-1,,,,0,0,-1,,,,2025-10-26 05:20:30
13701,759224,17582,away,0,3-5-2,1,1,4,192096,Jamie Hamilton,Center Right Defender,6,0,0,-1,,,,0,0,-1,,,,2025-10-26 05:20:30
13701,759224,17582,away,0,3-5-2,1,1,6,190864,Jack Leitch,Center Right Midfielder,7,0,0,-1,,,,1,228162,33,228162.0,4740.0,79',2025-10-26 05:20:30
13701,759224,17582,away,0,3-5-2,1,1,8,291490,Joao Balde,Center Left Midfielder,8,0,0,-1,,,,0,0,-1,,,,2025-10-26 05:20:30
13701,759224,17582,away,0,3-5-2,1,1,14,312026,Connor Young,Center Left Forward,9,0,0,-1,,,,0,0,-1,,,,2025-10-26 05:20:30
13701,759224,17582,away,0,3-5-2,1,1,9,248903,Cameron Elliott,Center Right Forward,10,0,0,-1,,,,0,0,-1,,,,2025-10-26 05:20:30
13701,759224,17582,away,0,3-5-2,1,1,25,179662,Lewis Spence,Attacking Midfielder,11,0,0,-1,,,,0,0,-1,,,,2025-10-26 05:20:30
13701,759224,17582,away,0,3-5-2,1,0,16,366364,Lewis Dobbie,Substitute,0,0,0,-1,,,,0,0,-1,,,,2025-10-26 05:20:30
13701,759224,17582,away,0,3-5-2,1,0,33,228162,Ouzy See,Substitute,0,1,190864,6,190864.0,4740.0,79',0,0,-1,,,,2025-10-26 05:20:30
13701,759224,17582,away,0,3-5-2,1,0,20,239327,Rhys Breen,Substitute,0,0,0,-1,,,,0,0,-1,,,,2025-10-26 05:20:30
13701,759224,17582,away,0,3-5-2,1,0,19,277572,Reegan Mimnaugh,Substitute,0,0,0,-1,,,,0,0,-1,,,,2025-10-26 05:20:30
13701,759224,17582,away,0,3-5-2,1,0,11,293874,Jack Healy,Substitute,0,1,206524,7,206524.0,4080.0,68',0,0,-1,,,,2025-10-26 05:20:30
13701,759224,17582,away,0,3-5-2,1,0,27,311719,James Lyon,Substitute,0,0,0,-1,,,,0,0,-1,,,,2025-10-26 05:20:30
13701,759224,17582,away,0,3-5-2,1,0,21,328873,Joe Morrison,Substitute,0,0,0,-1,,,,0,0,-1,,,,2025-10-26 05:20:30
13701,759224,17582,away,0,3-5-2,1,0,3,347295,Magnus Mackenzie,Substitute,0,0,0,-1,,,,0,0,-1,,,,2025-10-26 05:20:30
13701,759224,17582,away,0,3-5-2,1,0,12,365680,Keir Foster,Substitute,0,0,0,-1,,,,0,0,-1,,,,2025-10-26 05:20:30
13701,759225,407,home,1,4-1-2-1-2,1,1,1,351891,Josh Lane,Goalkeeper,1,0,0,-1,,,,0,0,-1,,,,2025-10-26 05:20:30
13701,759225,407,home,1,4-1-2-1-2,1,1,10,322782,Kirk Mcknight,Right Back,2,0,0,-1,,,,1,355170,16,355170.0,3840.0,64',2025-10-26 05:20:30
13701,759225,407,home,1,4-1-2-1-2,1,1,3,277541,Finn Ecrepont,Left Back,3,0,0,-1,,,,0,0,-1,,,,2025-10-26 05:20:30
13701,759225,407,home,1,4-1-2-1-2,1,1,2,375277,Jordan Stuart,Defensive Midfielder,4,0,0,-1,,,,0,0,-1,,,,2025-10-26 05:20:30
13701,759225,407,home,1,4-1-2-1-2,1,1,5,375247,Scot Rough,Center Right Defender,5,0,0,-1,,,,0,0,-1,,,,2025-10-26 05:20:30
13701,759225,407,home,1,4-1-2-1-2,1,1,4,27945,Lewis Reid,Center Left Defender,6,0,0,-1,,,,1,231492,22,231492.0,4740.0,79',2025-10-26 05:20:30
13701,759225,407,home,1,4-1-2-1-2,1,1,21,387534,Matthew Gillies,Right Midfielder,7,0,0,-1,,,,0,0,-1,,,,2025-10-26 05:20:30
13701,759225,407,home,1,4-1-2-1-2,1,1,17,324792,Daniel Mcmanus,Attacking Midfielder,8,0,0,-1,,,,1,228932,23,228932.0,4500.0,75',2025-10-26 05:20:30
13701,759225,407,home,1,4-1-2-1-2,1,1,25,115743,Ryan Edgar,Center Left Forward,9,0,0,-1,,,,0,0,-1,,,,2025-10-26 05:20:30
13701,759225,407,home,1,4-1-2-1-2,1,1,7,7017,James Dolan,Center Right Forward,10,0,0,-1,,,,1,366556,24,366556.0,3840.0,64',2025-10-26 05:20:30
13701,759225,407,home,1,4-1-2-1-2,1,1,8,350931,Aaron Quigg,Left Midfielder,11,0,0,-1,,,,1,118401,11,118401.0,3840.0,64',2025-10-26 05:20:30
13701,759225,407,home,1,4-1-2-1-2,1,0,15,232309,Ronan Hughes,Substitute,0,0,0,-1,,,,0,0,-1,,,,2025-10-26 05:20:30
13701,759225,407,home,1,4-1-2-1-2,1,0,13,261440,Ewan Henderson,Substitute,0,0,0,-1,,,,0,0,-1,,,,2025-10-26 05:20:30
13701,759225,407,home,1,4-1-2-1-2,1,0,11,118401,Mark Russell,Substitute,0,1,350931,8,350931.0,3840.0,64',0,0,-1,,,,2025-10-26 05:20:30
13701,759225,407,home,1,4-1-2-1-2,1,0,23,228932,Lewis Hunter,Substitute,0,1,324792,17,324792.0,4500.0,75',0,0,-1,,,,2025-10-26 05:20:30
13701,759225,407,home,1,4-1-2-1-2,1,0,16,355170,Dominic Plank,Substitute,0,1,322782,10,322782.0,3840.0,64',0,0,-1,,,,2025-10-26 05:20:30
13701,759225,407,home,1,4-1-2-1-2,1,0,22,231492,Bernard Coll,Substitute,0,1,27945,4,27945.0,4740.0,79',0,0,-1,,,,2025-10-26 05:20:30
13701,759225,407,home,1,4-1-2-1-2,1,0,20,329846,Tommy Sharp,Substitute,0,0,0,-1,,,,0,0,-1,,,,2025-10-26 05:20:30
13701,759225,407,home,1,4-1-2-1-2,1,0,24,366556,Deryn Lang,Substitute,0,1,7017,7,7017.0,3840.0,64',0,0,-1,,,,2025-10-26 05:20:30
13701,759225,18847,away,0,4-3-1-2,1,1,1,413444,David Markey,Goalkeeper,1,0,0,-1,,,,0,0,-1,,,,2025-10-26 05:20:30
13701,759225,18847,away,0,4-3-1-2,1,1,2,215245,Blair Anderson,Right Back,2,0,0,-1,,,,0,0,-1,,,,2025-10-26 05:20:30
13701,759225,18847,away,0,4-3-1-2,1,1,3,351807,Jared Willet,Left Back,3,0,0,-1,,,,0,0,-1,,,,2025-10-26 05:20:30
13701,759225,18847,away,0,4-3-1-2,1,1,6,245145,Evan Maley,Center Midfielder,4,0,0,-1,,,,0,0,-1,,,,2025-10-26 05:20:30
13701,759225,18847,away,0,4-3-1-2,1,1,4,223402,Craig McCracken,Center Right Defender,5,0,0,-1,,,,1,142691,18,142691.0,2100.0,35',2025-10-26 05:20:30
13701,759225,18847,away,0,4-3-1-2,1,1,5,362467,Lewis Currie,Center Left Defender,6,0,0,-1,,,,1,347013,17,347013.0,2340.0,39',2025-10-26 05:20:30
13701,759225,18847,away,0,4-3-1-2,1,1,7,260597,Lee Duncanson,Right Midfielder,7,0,0,-1,,,,0,0,-1,,,,2025-10-26 05:20:30
13701,759225,18847,away,0,4-3-1-2,1,1,11,197367,Chris Erskine,Attacking Midfielder,8,0,0,-1,,,,1,413470,14,413470.0,4680.0,78',2025-10-26 05:20:30
13701,759225,18847,away,0,4-3-1-2,1,1,9,111554,Hugh Kerr,Center Right Forward,9,0,0,-1,,,,0,0,-1,,,,2025-10-26 05:20:30
13701,759225,18847,away,0,4-3-1-2,1,1,10,74360,Michael Mullen,Midfielder,10,0,0,-1,,,,0,0,-1,,,,2025-10-26 05:20:30
13701,759225,18847,away,0,4-3-1-2,1,1,8,396479,David Craig,Left Midfielder,11,0,0,-1,,,,1,321350,16,321350.0,4680.0,78',2025-10-26 05:20:30
13701,759225,18847,away,0,4-3-1-2,1,0,16,321350,Callum Wilson,,0,1,396479,8,396479.0,4680.0,78',0,0,-1,,,,2025-10-26 05:20:30
13701,759225,18847,away,0,4-3-1-2,1,0,15,413605,Oluwatimilehin Daniel,,0,0,0,-1,,,,0,0,-1,,,,2025-10-26 05:20:30
13701,759225,18847,away,0,4-3-1-2,1,0,14,413470,Robbie Mcdougall,,0,1,197367,11,197367.0,4680.0,78',0,0,-1,,,,2025-10-26 05:20:30
13701,759225,18847,away,0,4-3-1-2,1,0,12,413441,Callum Mcfadyen,,0,0,0,-1,,,,0,0,-1,,,,2025-10-26 05:20:30
13701,759225,18847,away,0,4-3-1-2,1,0,17,347013,Brannan Mcdermott,,0,1,362467,5,362467.0,2340.0,39',0,0,-1,,,,2025-10-26 05:20:30
13701,759225,18847,away,0,4-3-1-2,1,0,21,190540,James Hart,,0,0,0,-1,,,,0,0,-1,,,,2025-10-26 05:20:30
13701,759225,18847,away,0,4-3-1-2,1,0,18,142691,Ollie Rowe,,0,1,223402,4,223402.0,2100.0,35',0,0,-1,,,,2025-10-26 05:20:30
13701,759226,8567,home,0,4-2-3-1,1,1,1,354138,Lewis Munro,Goalkeeper,1,0,0,-1,,,,0,0,-1,,,,2025-10-26 05:20:30
13701,759226,8567,home,0,4-2-3-1,1,1,2,332026,Jamie Carnihan,Right Back,2,0,0,-1,,,,0,0,-1,,,,2025-10-26 05:20:30
13701,759226,8567,home,0,4-2-3-1,1,1,3,228911,Kenny MacKenzie,Left Back,3,0,0,-1,,,,0,0,-1,,,,2025-10-26 05:20:30
13701,759226,8567,home,0,4-2-3-1,1,1,8,409996,Charlie McKenzie,Left Midfielder,4,0,0,-1,,,,1,332028,15,332028.0,2700.0,45',2025-10-26 05:20:30
13701,759226,8567,home,0,4-2-3-1,1,1,5,312427,Fraser Dingwall,Center Right Defender,5,0,0,-1,,,,0,0,-1,,,,2025-10-26 05:20:30
13701,759226,8567,home,0,4-2-3-1,1,1,4,286834,Millar Gamble,Center Left Defender,6,0,0,-1,,,,0,0,-1,,,,2025-10-26 05:20:30
13701,759226,8567,home,0,4-2-3-1,1,1,11,165398,Andy Greig,Attacking Midfielder Right,7,0,0,-1,,,,0,0,-1,,,,2025-10-26 05:20:30
13701,759226,8567,home,0,4-2-3-1,1,1,6,370278,Tyler Eadie,Right Midfielder,8,0,0,-1,,,,1,370285,16,370285.0,4140.0,69',2025-10-26 05:20:30
13701,759226,8567,home,0,4-2-3-1,1,1,9,167954,Paul Brindle,Forward,9,0,0,-1,,,,0,0,-1,,,,2025-10-26 05:20:30
13701,759226,8567,home,0,4-2-3-1,1,1,7,341081,Calum Mackay,Attacking Midfielder,10,0,0,-1,,,,0,0,-1,,,,2025-10-26 05:20:30
13701,759226,8567,home,0,4-2-3-1,1,1,10,409995,Adrian Voigt,Attacking Midfielder Left,11,0,0,-1,,,,1,370277,19,370277.0,3480.0,58',2025-10-26 05:20:30
13701,759226,8567,home,0,4-2-3-1,1,0,15,332028,Ben Barron,Substitute,0,1,409996,8,409996.0,2700.0,45',0,0,-1,,,,2025-10-26 05:20:30
13701,759226,8567,home,0,4-2-3-1,1,0,17,355489,Jonathan Bain,Substitute,0,0,0,-1,,,,0,0,-1,,,,2025-10-26 05:20:30
13701,759226,8567,home,0,4-2-3-1,1,0,19,370277,Benjamin Kelly,Substitute,0,1,409995,10,409995.0,3480.0,58',0,0,-1,,,,2025-10-26 05:20:30
13701,759226,8567,home,0,4-2-3-1,1,0,21,281973,Angus Dey,Substitute,0,0,0,-1,,,,0,0,-1,,,,2025-10-26 05:20:30
13701,759226,8567,home,0,4-2-3-1,1,0,16,370285,Gary Pullen,Substitute,0,1,370278,6,370278.0,4140.0,69',0,0,-1,,,,2025-10-26 05:20:30
13701,759226,8567,home,0,4-2-3-1,1,0,18,408058,Chevy Thomson,Substitute,0,0,0,-1,,,,0,0,-1,,,,2025-10-26 05:20:30
13701,759226,8567,home,0,4-2-3-1,1,0,20,229542,Dylan Maclean,Substitute,0,0,0,-1,,,,0,0,-1,,,,2025-10-26 05:20:30
13701,759226,8567,home,0,4-2-3-1,1,0,14,409997,Finn As-Chainey,Substitute,0,0,0,-1,,,,0,0,-1,,,,2025-10-26 05:20:30
13701,759226,8567,home,0,4-2-3-1,1,0,12,228907,Callum MacLean,Substitute,0,0,0,-1,,,,0,0,-1,,,,2025-10-26 05:20:30
13701,759226,13400,away,1,4-2-3-1,1,1,1,240686,Lee Herbert,Goalkeeper,1,0,0,-1,,,,0,0,-1,,,,2025-10-26 05:20:30
13701,759226,13400,away,1,4-2-3-1,1,1,2,410021,Scott Robertson,Right Back,2,0,0,-1,,,,0,0,-1,,,,2025-10-26 05:20:30
13701,759226,13400,away,1,4-2-3-1,1,1,3,312039,Kieran Yeats,Left Back,3,0,0,-1,,,,0,0,-1,,,,2025-10-26 05:20:30
13701,759226,13400,away,1,4-2-3-1,1,1,6,312053,Owen Kinsella,Left Midfielder,4,0,0,-1,,,,0,0,-1,,,,2025-10-26 05:20:30
13701,759226,13400,away,1,4-2-3-1,1,1,5,370298,Glen Donald,Center Right Defender,5,0,0,-1,,,,0,0,-1,,,,2025-10-26 05:20:30
13701,759226,13400,away,1,4-2-3-1,1,1,4,73109,Andrew Watt,Center Left Defender,6,0,0,-1,,,,0,0,-1,,,,2025-10-26 05:20:30
13701,759226,13400,away,1,4-2-3-1,1,1,7,327885,Murray Cormack,Attacking Midfielder Right,7,0,0,-1,,,,1,352884,16,352884.0,5040.0,84',2025-10-26 05:20:30
13701,759226,13400,away,1,4-2-3-1,1,1,8,297713,Kacper Lewecki,Right Midfielder,8,0,0,-1,,,,0,0,-1,,,,2025-10-26 05:20:30
13701,759226,13400,away,1,4-2-3-1,1,1,9,410017,Miller Keir,Forward,9,0,0,-1,,,,1,395801,19,395801.0,4740.0,79',2025-10-26 05:20:30
13701,759226,13400,away,1,4-2-3-1,1,1,10,370304,Ewen Robertson,Attacking Midfielder,10,0,0,-1,,,,0,0,-1,,,,2025-10-26 05:20:30
13701,759226,13400,away,1,4-2-3-1,1,1,11,321200,Sam Garnham,Attacking Midfielder Left,11,0,0,-1,,,,1,324754,14,324754.0,5340.0,89',2025-10-26 05:20:30
13701,759226,13400,away,1,4-2-3-1,1,0,20,327883,Murray Thompson,Substitute,0,0,0,-1,,,,0,0,-1,,,,2025-10-26 05:20:30
13701,759226,13400,away,1,4-2-3-1,1,0,12,410015,Kyle Douglas,Substitute,0,0,0,-1,,,,0,0,-1,,,,2025-10-26 05:20:30
13701,759226,13400,away,1,4-2-3-1,1,0,18,410014,Dylan Souden,Substitute,0,0,0,-1,,,,0,0,-1,,,,2025-10-26 05:20:30
13701,759226,13400,away,1,4-2-3-1,1,0,19,395801,Mackenzie Taylor,Substitute,0,1,410017,9,410017.0,4740.0,79',0,0,-1,,,,2025-10-26 05:20:30
13701,759226,13400,away,1,4-2-3-1,1,0,21,379765,Cameron Reid,Substitute,0,0,0,-1,,,,0,0,-1,,,,2025-10-26 05:20:30
13701,759226,13400,away,1,4-2-3-1,1,0,16,352884,Ryan Mclean,Substitute,0,1,327885,7,327885.0,5040.0,84',0,0,-1,,,,2025-10-26 05:20:30
13701,759226,13400,away,1,4-2-3-1,1,0,14,324754,Timi Fatona,Substitute,0,1,321200,11,321200.0,5340.0,89',0,0,-1,,,,2025-10-26 05:20:30
13701,759226,13400,away,1,4-2-3-1,1,0,17,249012,Aiden Sopel,Substitute,0,0,0,-1,,,,0,0,-1,,,,2025-10-26 05:20:30
13701,759226,13400,away,1,4-2-3-1,1,0,15,142081,Connor Grant,Substitute,0,0,0,-1,,,,0,0,-1,,,,2025-10-26 05:20:30
13701,759227,651,home,0,4-4-2,1,1,1,408061,Lewis Gallacher,Goalkeeper,1,0,0,-1,,,,0,0,-1,,,,2025-10-26 05:20:30
13701,759227,651,home,0,4-4-2,1,1,2,312065,Brandon Sinclair,Right Back,2,0,0,-1,,,,0,0,-1,,,,2025-10-26 05:20:30
13701,759227,651,home,0,4-4-2,1,1,27,300939,Ryan Campbell,Left Back,3,0,0,-1,,,,0,0,-1,,,,2025-10-26 05:20:30
13701,759227,651,home,0,4-4-2,1,1,8,390888,George Ewing,Center Right Midfielder,4,0,0,-1,,,,0,0,-1,,,,2025-10-26 05:20:30
13701,759227,651,home,0,4-4-2,1,1,5,370290,Owen Harrold,Center Right Defender,5,0,0,-1,,,,1,390890,3,390890.0,4200.0,70',2025-10-26 05:20:30
13701,759227,651,home,0,4-4-2,1,1,6,370289,Marc Coghill,Center Left Defender,6,0,0,-1,,,,1,352607,21,352607.0,5280.0,88',2025-10-26 05:20:30
13701,759227,651,home,0,4-4-2,1,1,19,408062,Louis Hancock,Right Midfielder,7,0,0,-1,,,,1,239249,14,239249.0,6960.0,116',2025-10-26 05:20:30
13701,759227,651,home,0,4-4-2,1,1,23,255750,Gordon McNab,Center Left Midfielder,8,0,0,-1,,,,0,0,-1,,,,2025-10-26 05:20:30
13701,759227,651,home,0,4-4-2,1,1,16,399304,Euan Kennedy,Center Left Forward,9,0,0,-1,,,,1,312064,7,312064.0,4380.0,73',2025-10-26 05:20:30
13701,759227,651,home,0,4-4-2,1,1,9,228949,Marc MacGregor,Center Right Forward,10,0,0,-1,,,,0,0,-1,,,,2025-10-26 05:20:30
13701,759227,651,home,0,4-4-2,1,1,11,228946,Davie Allan,Left Midfielder,11,0,0,-1,,,,0,0,-1,,,,2025-10-26 05:20:30
13701,759227,651,home,0,4-4-2,1,0,7,312064,Mark Macadie,Substitute,0,1,399304,16,399304.0,4380.0,73',0,0,-1,,,,2025-10-26 05:20:30
13701,759227,651,home,0,4-4-2,1,0,21,352607,Matthew Aitkenhead,Substitute,0,1,370289,6,370289.0,5280.0,88',0,0,-1,,,,2025-10-26 05:20:30
13701,759227,651,home,0,4-4-2,1,0,24,412324,John Mullaly,Substitute,0,0,0,-1,,,,0,0,-1,,,,2025-10-26 05:20:30
13701,759227,651,home,0,4-4-2,1,0,3,390890,Matthew Robertson,Substitute,0,1,370290,5,370290.0,4200.0,70',0,0,-1,,,,2025-10-26 05:20:30
13701,759227,651,home,0,4-4-2,1,0,25,22475,Jack Ross,Substitute,0,0,0,-1,,,,0,0,-1,,,,2025-10-26 05:20:30
13701,759227,651,home,0,4-4-2,1,0,14,239249,James Boyd,Substitute,0,1,408062,19,408062.0,6960.0,116',0,0,-1,,,,2025-10-26 05:20:30
13701,759227,21662,away,1,4-4-2,1,1,1,119953,Callum Law,Goalkeeper,1,0,0,-1,,,,0,0,-1,,,,2025-10-26 05:20:30
13701,759227,21662,away,1,4-4-2,1,1,2,408944,Innes Clark,Right Back,2,0,0,-1,,,,0,0,-1,,,,2025-10-26 05:20:30
13701,759227,21662,away,1,4-4-2,1,1,3,413442,Ashton Dunsmore,Left Back,3,0,0,-1,,,,1,413615,18,413615.0,5400.0,90',2025-10-26 05:20:30
13701,759227,21662,away,1,4-4-2,1,1,8,413435,Declan Black,Center Right Midfielder,4,0,0,-1,,,,0,0,-1,,,,2025-10-26 05:20:30
13701,759227,21662,away,1,4-4-2,1,1,5,56179,Alan Lithgow,Center Right Defender,5,0,0,-1,,,,0,0,-1,,,,2025-10-26 05:20:30
13701,759227,21662,away,1,4-4-2,1,1,4,413434,Lorenzo Giovanazzi,Center Left Defender,6,0,0,-1,,,,0,0,-1,,,,2025-10-26 05:20:30
13701,759227,21662,away,1,4-4-2,1,1,7,142240,Ryan Kane,Right Midfielder,7,0,0,-1,,,,1,32344,12,32344.0,4740.0,79',2025-10-26 05:20:30
13701,759227,21662,away,1,4-4-2,1,1,6,375246,Mikey Mcwilliams,Center Left Midfielder,8,0,0,-1,,,,0,0,-1,,,,2025-10-26 05:20:30
13701,759227,21662,away,1,4-4-2,1,1,10,352730,Lewis Mctaggart,Center Left Forward,9,0,0,-1,,,,1,139742,15,139742.0,6300.0,105',2025-10-26 05:20:30
13701,759227,21662,away,1,4-4-2,1,1,9,254198,Declan Mcdonald,Center Right Forward,10,0,0,-1,,,,1,266919,14,266919.0,6300.0,105',2025-10-26 05:20:30
13701,759227,21662,away,1,4-4-2,1,1,11,358306,Jamie Taggart,Left Midfielder,11,0,0,-1,,,,1,413617,19,413617.0,6000.0,100',2025-10-26 05:20:30
13701,759227,21662,away,1,4-4-2,1,0,19,413617,Charlie Mccoll,Substitute,0,1,358306,11,358306.0,6000.0,100',0,0,-1,,,,2025-10-26 05:20:30
13701,759227,21662,away,1,4-4-2,1,0,18,413615,Michael Mulcany,Substitute,0,1,413442,3,413442.0,5400.0,90',0,0,-1,,,,2025-10-26 05:20:30
13701,759227,21662,away,1,4-4-2,1,0,21,413458,Josh Crawford,Substitute,0,0,0,-1,,,,0,0,-1,,,,2025-10-26 05:20:30
13701,759227,21662,away,1,4-4-2,1,0,17,413457,Noah Young,Substitute,0,0,0,-1,,,,0,0,-1,,,,2025-10-26 05:20:30
13701,759227,21662,away,1,4-4-2,1,0,16,261245,Hamish Mckinlay,Substitute,0,0,0,-1,,,,0,0,-1,,,,2025-10-26 05:20:30
13701,759227,21662,away,1,4-4-2,1,0,14,266919,Jamie Waddell,Substitute,0,1,254198,9,254198.0,6300.0,105',0,0,-1,,,,2025-10-26 05:20:30
13701,759227,21662,away,1,4-4-2,1,0,12,32344,Matthew Collins,Substitute,0,1,142240,7,142240.0,4740.0,79',0,0,-1,,,,2025-10-26 05:20:30
13701,759227,21662,away,1,4-4-2,1,0,15,139742,Scott Gallagher,Substitute,0,1,352730,10,352730.0,6300.0,105',0,0,-1,,,,2025-10-26 05:20:30
13701,759228,21664,home,0,4-4-2,1,1,1,328968,Daniel Laing,Goalkeeper,1,0,0,-1,,,,0,0,-1,,,,2025-10-26 05:20:30
13701,759228,21664,home,0,4-4-2,1,1,3,179086,Callum Donaldson,Right Back,2,0,0,-1,,,,1,291509,20,291509.0,5220.0,87',2025-10-26 05:20:30
13701,759228,21664,home,0,4-4-2,1,1,2,13600,Craig Stevenson,Left Back,3,0,0,-1,,,,0,0,-1,,,,2025-10-26 05:20:30
13701,759228,21664,home,0,4-4-2,1,1,8,329331,Oban Anderson,Center Right Midfielder,4,0,0,-1,,,,0,0,-1,,,,2025-10-26 05:20:30
13701,759228,21664,home,0,4-4-2,1,1,5,225473,Robert Wilson,Center Right Defender,5,0,0,-1,,,,0,0,-1,,,,2025-10-26 05:20:30
13701,759228,21664,home,0,4-4-2,1,1,15,229715,Jamie Todd,Center Left Defender,6,0,0,-1,,,,0,0,-1,,,,2025-10-26 05:20:30
13701,759228,21664,home,0,4-4-2,1,1,18,345689,Zach Khan,Right Midfielder,7,0,0,-1,,,,0,0,-1,,,,2025-10-26 05:20:30
13701,759228,21664,home,0,4-4-2,1,1,27,231550,Ben Stirling,Center Left Midfielder,8,0,0,-1,,,,0,0,-1,,,,2025-10-26 05:20:30
13701,759228,21664,home,0,4-4-2,1,1,11,229578,Sean Brown,Center Left Forward,9,0,0,-1,,,,1,223866,9,223866.0,3060.0,51',2025-10-26 05:20:30
13701,759228,21664,home,0,4-4-2,1,1,7,157548,Nathan Evans,Center Right Forward,10,0,0,-1,,,,1,375563,17,375563.0,4740.0,79',2025-10-26 05:20:30
13701,759228,21664,home,0,4-4-2,1,1,14,347067,O. Hastie,Left Midfielder,11,0,0,-1,,,,0,0,-1,,,,2025-10-26 05:20:30
13701,759228,21664,home,0,4-4-2,1,0,20,291509,Aidan Walsh,Substitute,0,1,179086,3,179086.0,5220.0,87',0,0,-1,,,,2025-10-26 05:20:30
13701,759228,21664,home,0,4-4-2,1,0,10,303685,Jordan Smith,Substitute,0,0,0,-1,,,,0,0,-1,,,,2025-10-26 05:20:30
13701,759228,21664,home,0,4-4-2,1,0,6,179654,Declan O'Kane,Substitute,0,0,0,-1,,,,0,0,-1,,,,2025-10-26 05:20:30
13701,759228,21664,home,0,4-4-2,1,0,28,207473,Aaron Dunsmore,Substitute,0,0,0,-1,,,,0,0,-1,,,,2025-10-26 05:20:30
13701,759228,21664,home,0,4-4-2,1,0,16,212369,Gabriele Auriemma,Substitute,0,0,0,-1,,,,0,0,-1,,,,2025-10-26 05:20:30
13701,759228,21664,home,0,4-4-2,1,0,9,223866,Jonathan Court,Substitute,0,1,229578,11,229578.0,3060.0,51',0,0,-1,,,,2025-10-26 05:20:30
13701,759228,21664,home,0,4-4-2,1,0,19,311109,Rhys Caves,Substitute,0,0,0,-1,,,,0,0,-1,,,,2025-10-26 05:20:30
13701,759228,21664,home,0,4-4-2,1,0,31,352577,Liam Mccathie,Substitute,0,0,0,-1,,,,0,0,-1,,,,2025-10-26 05:20:30
13701,759228,21664,home,0,4-4-2,1,0,17,375563,Jackson Barker,Substitute,0,1,157548,7,157548.0,4740.0,79',0,0,-1,,,,2025-10-26 05:20:30
13701,759228,408,away,1,4-4-2,1,1,1,16106,Mark McCallum,Goalkeeper,1,0,0,-1,,,,0,0,-1,,,,2025-10-26 05:20:30
13701,759228,408,away,1,4-4-2,1,1,5,190456,Matthew Allan,Right Back,2,0,0,-1,,,,0,0,-1,,,,2025-10-26 05:20:30
13701,759228,408,away,1,4-4-2,1,1,2,179657,Lewis Martin,Left Back,3,0,0,-1,,,,0,0,-1,,,,2025-10-26 05:20:30
13701,759228,408,away,1,4-4-2,1,1,14,234324,Angus Mailer,Center Right Midfielder,4,0,0,-1,,,,0,0,-1,,,,2025-10-26 05:20:30
13701,759228,408,away,1,4-4-2,1,1,6,328969,Jake Dolzanski,Center Right Defender,5,0,0,-1,,,,0,0,-1,,,,2025-10-26 05:20:30
13701,759228,408,away,1,4-4-2,1,1,4,253077,Stuart Morrison,Center Left Defender,6,0,0,-1,,,,0,0,-1,,,,2025-10-26 05:20:30
13701,759228,408,away,1,4-4-2,1,1,19,370589,Jake Sutherland,Right Midfielder,7,0,0,-1,,,,1,324912,17,324912.0,3660.0,61',2025-10-26 05:20:30
13701,759228,408,away,1,4-4-2,1,1,8,142368,Craig Slater,Center Left Midfielder,8,0,0,-1,,,,0,0,-1,,,,2025-10-26 05:20:30
13701,759228,408,away,1,4-4-2,1,1,10,270016,Martin Rennie,Center Left Forward,9,0,0,-1,,,,0,0,-1,,,,2025-10-26 05:20:30
13701,759228,408,away,1,4-4-2,1,1,9,190256,Scott Shepherd,Center Right Forward,10,0,0,-1,,,,1,408825,20,408825.0,4320.0,72',2025-10-26 05:20:30
13701,759228,408,away,1,4-4-2,1,1,3,388243,Lyle Wark,Left Midfielder,11,0,0,-1,,,,1,366852,18,366852.0,3660.0,61',2025-10-26 05:20:30
13701,759228,408,away,1,4-4-2,1,0,21,392505,Neil Stafford,Substitute,0,0,0,-1,,,,0,0,-1,,,,2025-10-26 05:20:30
13701,759228,408,away,1,4-4-2,1,0,20,408825,Cormac Christie,Substitute,0,1,190256,9,190256.0,4320.0,72',0,0,-1,,,,2025-10-26 05:20:30
13701,759228,408,away,1,4-4-2,1,0,16,188460,Mark Whatley,Substitute,0,0,0,-1,,,,0,0,-1,,,,2025-10-26 05:20:30
13701,759228,408,away,1,4-4-2,1,0,15,324309,Mackenzie Lemon,Substitute,0,0,0,-1,,,,0,0,-1,,,,2025-10-26 05:20:30
13701,759228,408,away,1,4-4-2,1,0,17,324912,Jamie Richardson,Substitute,0,1,370589,19,370589.0,3660.0,61',0,0,-1,,,,2025-10-26 05:20:30
13701,759228,408,away,1,4-4-2,1,0,12,362390,Nathan Cannon,Substitute,0,0,0,-1,,,,0,0,-1,,,,2025-10-26 05:20:30
13701,759228,408,away,1,4-4-2,1,0,18,366852,Lewis Lorimer,Substitute,0,1,388243,3,388243.0,3660.0,61',0,0,-1,,,,2025-10-26 05:20:30
13701,759228,408,away,1,4-4-2,1,0,23,387386,Harry Mclinden,Substitute,0,0,0,-1,,,,0,0,-1,,,,2025-10-26 05:20:30
13701,759229,13397,home,0,4-4-2,1,1,1,228806,Stuart McKenzie,Goalkeeper,1,0,0,-1,,,,0,0,-1,,,,2025-10-25 05:16:14
13701,759229,13397,home,0,4-4-2,1,1,2,238858,Aaron Norris,Right Back,2,0,0,-1,,,,0,0,-1,,,,2025-10-25 05:16:14
13701,759229,13397,home,0,4-4-2,1,1,3,329392,Matthew Mclean,Left Back,3,0,0,-1,,,,0,0,-1,,,,2025-10-25 05:16:14
13701,759229,13397,home,0,4-4-2,1,1,6,213310,Mark Lawrence,Center Right Midfielder,4,0,0,-1,,,,1,291445,18,291445.0,3600.0,60',2025-10-25 05:16:14
13701,759229,13397,home,0,4-4-2,1,1,5,119086,Scott Ross,Center Right Defender,5,0,0,-1,,,,0,0,-1,,,,2025-10-25 05:16:14
13701,759229,13397,home,0,4-4-2,1,1,4,107798,Rhys Thomas,Center Left Defender,6,0,0,-1,,,,0,0,-1,,,,2025-10-25 05:16:14
13701,759229,13397,home,0,4-4-2,1,1,7,231515,Hamish Ritchie,Right Midfielder,7,0,0,-1,,,,0,0,-1,,,,2025-10-25 05:16:14
13701,759229,13397,home,0,4-4-2,1,1,8,142068,Graeme Rodger,Center Left Midfielder,8,0,0,-1,,,,1,228937,14,228937.0,4260.0,71',2025-10-25 05:16:14
13701,759229,13397,home,0,4-4-2,1,1,9,57727,Rory McAllister,Center Left Forward,9,0,0,-1,,,,1,126247,16,126247.0,4680.0,78',2025-10-25 05:16:14
13701,759229,13397,home,0,4-4-2,1,1,10,291449,Tyler Mykyta,Center Right Forward,10,0,0,-1,,,,1,159215,12,159215.0,3600.0,60',2025-10-25 05:16:14
13701,759229,13397,home,0,4-4-2,1,1,11,229000,Glenn Murison,Left Midfielder,11,0,0,-1,,,,0,0,-1,,,,2025-10-25 05:16:14
13701,759229,13397,home,0,4-4-2,1,0,19,275902,Luke Emmett,Substitute,0,0,0,-1,,,,0,0,-1,,,,2025-10-25 05:16:14
13701,759229,13397,home,0,4-4-2,1,0,14,228937,Paul Campbell,Substitute,0,1,142068,8,142068.0,4260.0,71',0,0,-1,,,,2025-10-25 05:16:14
13701,759229,13397,home,0,4-4-2,1,0,17,289946,Luke Strachan,Substitute,0,0,0,-1,,,,0,0,-1,,,,2025-10-25 05:16:14
13701,759229,13397,home,0,4-4-2,1,0,18,291445,Michael Dangana,Substitute,0,1,213310,6,213310.0,3600.0,60',0,0,-1,,,,2025-10-25 05:16:14
13701,759229,13397,home,0,4-4-2,1,0,12,159215,Julian Wade,Substitute,0,1,291449,10,291449.0,3600.0,60',0,0,-1,,,,2025-10-25 05:16:14
13701,759229,13397,home,0,4-4-2,1,0,16,126247,Scott Adams,Substitute,0,1,57727,9,57727.0,4680.0,78',0,0,-1,,,,2025-10-25 05:16:14
13701,759229,13397,home,0,4-4-2,1,0,15,324753,Finlay Murray,Substitute,0,0,0,-1,,,,0,0,-1,,,,2025-10-25 05:16:14
13701,759229,13397,home,0,4-4-2,1,0,20,388153,Aidan Mccormick,Substitute,0,0,0,-1,,,,0,0,-1,,,,2025-10-25 05:16:14
13701,759229,13397,home,0,4-4-2,1,0,21,408055,Grant Corbett,Substitute,0,0,0,-1,,,,0,0,-1,,,,2025-10-25 05:16:14
13701,759229,650,away,1,3-5-2,1,1,12,409745,Theo Simpson,Goalkeeper,1,0,0,-1,,,,0,0,-1,,,,2025-10-25 05:16:14
13701,759229,650,away,1,3-5-2,1,1,10,366521,Lyall Keir,Right Midfielder,2,0,0,-1,,,,0,0,-1,,,,2025-10-25 05:16:14
13701,759229,650,away,1,3-5-2,1,1,22,194475,Harry Noble,Left Midfielder,3,0,0,-1,,,,0,0,-1,,,,2025-10-25 05:16:14
13701,759229,650,away,1,3-5-2,1,1,16,277545,Ryan Fyffe,Center Left Defender,4,0,0,-1,,,,0,0,-1,,,,2025-10-25 05:16:14
13701,759229,650,away,1,3-5-2,1,1,3,176456,Darryl Mchardy,Center Defender,5,0,0,-1,,,,0,0,-1,,,,2025-10-25 05:16:14
13701,759229,650,away,1,3-5-2,1,1,4,239328,Sam Morrison,Center Right Defender,6,0,0,-1,,,,0,0,-1,,,,2025-10-25 05:16:14
13701,759229,650,away,1,3-5-2,1,1,7,40472,Kevin Fraser,Center Right Midfielder,7,0,0,-1,,,,1,291497,20,291497.0,4560.0,76',2025-10-25 05:16:14
13701,759229,650,away,1,3-5-2,1,1,23,409038,Aaron Cummings,Center Left Midfielder,8,0,0,-1,,,,0,0,-1,,,,2025-10-25 05:16:14
13701,759229,650,away,1,3-5-2,1,1,11,310699,Finn Allan,Center Left Forward,9,0,0,-1,,,,1,327828,5,327828.0,5280.0,88',2025-10-25 05:16:14
13701,759229,650,away,1,3-5-2,1,1,9,211932,Josh Peters,Center Right Forward,10,0,0,-1,,,,1,354021,8,354021.0,4980.0,83',2025-10-25 05:16:14
13701,759229,650,away,1,3-5-2,1,1,17,228842,Ross Paterson,Attacking Midfielder,11,0,0,-1,,,,0,0,-1,,,,2025-10-25 05:16:14
13701,759229,650,away,1,3-5-2,1,0,18,410002,Bodhan Campbell,Substitute,0,0,0,-1,,,,0,0,-1,,,,2025-10-25 05:16:14
13701,759229,650,away,1,3-5-2,1,0,15,412319,Aaron Conway,Substitute,0,0,0,-1,,,,0,0,-1,,,,2025-10-25 05:16:14
13701,759229,650,away,1,3-5-2,1,0,19,104631,Hamish Munro,Substitute,0,0,0,-1,,,,0,0,-1,,,,2025-10-25 05:16:14
13701,759229,650,away,1,3-5-2,1,0,6,228787,Fraser Robertson,Substitute,0,0,0,-1,,,,0,0,-1,,,,2025-10-25 05:16:14
13701,759229,650,away,1,3-5-2,1,0,20,291497,Marcus Goodall,Substitute,0,1,40472,7,40472.0,4560.0,76',0,0,-1,,,,2025-10-25 05:16:14
13701,759229,650,away,1,3-5-2,1,0,5,327828,Innes Mckay,Substitute,0,1,310699,11,310699.0,5280.0,88',0,0,-1,,,,2025-10-25 05:16:14
13701,759229,650,away,1,3-5-2,1,0,14,327869,Ross Morrison,Substitute,0,0,0,-1,,,,0,0,-1,,,,2025-10-25 05:16:14
13701,759229,650,away,1,3-5-2,1,0,8,354021,Aaron Nicolson,Substitute,0,1,211932,9,211932.0,4980.0,83',0,0,-1,,,,2025-10-25 05:16:14
13701,759229,650,away,1,3-5-2,1,0,1,215246,Euan Storrier,Substitute,0,0,0,-1,,,,0,0,-1,,,,2025-10-25 05:16:14
13701,759230,419,home,1,4-2-3-1,1,1,1,291452,Tom Ritchie,Goalkeeper,1,0,0,-1,,,,0,0,-1,,,,2025-10-26 05:20:30
13701,759230,419,home,1,4-2-3-1,1,1,8,223428,Brian Cameron,Right Back,2,0,0,-1,,,,0,0,-1,,,,2025-10-26 05:20:30
13701,759230,419,home,1,4-2-3-1,1,1,19,388252,Dylan Ross,Left Back,3,0,0,-1,,,,0,0,-1,,,,2025-10-26 05:20:30
13701,759230,419,home,1,4-2-3-1,1,1,12,345411,Alasdair Spalding,Left Midfielder,4,0,0,-1,,,,0,0,-1,,,,2025-10-26 05:20:30
13701,759230,419,home,1,4-2-3-1,1,1,4,271172,Miko Virtanen,Center Right Defender,5,0,0,-1,,,,0,0,-1,,,,2025-10-26 05:20:30
13701,759230,419,home,1,4-2-3-1,1,1,6,152253,Jack Murray,Center Left Defender,6,0,0,-1,,,,0,0,-1,,,,2025-10-26 05:20:30
13701,759230,419,home,1,4-2-3-1,1,1,22,324746,Jack Maciver,Attacking Midfielder Right,7,0,0,-1,,,,0,0,-1,,,,2025-10-26 05:20:30
13701,759230,419,home,1,4-2-3-1,1,1,10,7257,Mark Gallagher,Right Midfielder,8,0,0,-1,,,,0,0,-1,,,,2025-10-26 05:20:30
13701,759230,419,home,1,4-2-3-1,1,1,9,223017,Kane Hester,Forward,9,0,0,-1,,,,1,362626,16,362626.0,3660.0,61',2025-10-26 05:20:30
13701,759230,419,home,1,4-2-3-1,1,1,7,239334,Russell Dingwall,Attacking Midfielder,10,0,0,-1,,,,0,0,-1,,,,2025-10-26 05:20:30
13701,759230,419,home,1,4-2-3-1,1,1,24,291467,Josh Walker,Attacking Midfielder Left,11,0,0,-1,,,,1,266928,11,266928.0,3660.0,61',2025-10-26 05:20:30
13701,759230,419,home,1,4-2-3-1,1,0,11,266928,Ryan Sargent,Substitute,0,1,291467,24,291467.0,3660.0,61',0,0,-1,,,,2025-10-26 05:20:30
13701,759230,419,home,1,4-2-3-1,1,0,18,240716,Oliver Mcdonald,Substitute,0,0,0,-1,,,,0,0,-1,,,,2025-10-26 05:20:30
13701,759230,419,home,1,4-2-3-1,1,0,14,324793,Josh O'Connor,Substitute,0,0,0,-1,,,,0,0,-1,,,,2025-10-26 05:20:30
13701,759230,419,home,1,4-2-3-1,1,0,27,240707,Liam Macdonald,Substitute,0,0,0,-1,,,,0,0,-1,,,,2025-10-26 05:20:30
13701,759230,419,home,1,4-2-3-1,1,0,16,362626,Oliver Colloty,Substitute,0,1,223017,9,223017.0,3660.0,61',0,0,-1,,,,2025-10-26 05:20:30
13701,759230,419,home,1,4-2-3-1,1,0,26,231546,Owen Cairns,Substitute,0,0,0,-1,,,,0,0,-1,,,,2025-10-26 05:20:30
13701,759230,419,home,1,4-2-3-1,1,0,25,409316,Abimbola Obasoto,Substitute,0,0,0,-1,,,,0,0,-1,,,,2025-10-26 05:20:30
13701,759230,419,home,1,4-2-3-1,1,0,2,93369,Matthew Cooper,Substitute,0,0,0,-1,,,,0,0,-1,,,,2025-10-26 05:20:30
13701,759230,419,home,1,4-2-3-1,1,0,28,267286,Tom McHale,Substitute,0,0,0,-1,,,,0,0,-1,,,,2025-10-26 05:20:30
13701,759230,661,away,0,4-3-3,1,1,1,77132,Sean Mcintosh,Goalkeeper,1,0,0,-1,,,,0,0,-1,,,,2025-10-26 05:20:30
13701,759230,661,away,0,4-3-3,1,1,2,394828,Grant Moroney,Right Back,2,0,0,-1,,,,1,350154,18,350154.0,2700.0,45',2025-10-26 05:20:30
13701,759230,661,away,0,4-3-3,1,1,3,301562,Murray Esson,Left Back,3,0,0,-1,,,,1,350174,16,350174.0,4740.0,79',2025-10-26 05:20:30
13701,759230,661,away,0,4-3-3,1,1,10,42520,Garry Wood,Center Midfielder,4,0,0,-1,,,,0,0,-1,,,,2025-10-26 05:20:30
13701,759230,661,away,0,4-3-3,1,1,4,350153,Jaydan Bradford,Center Right Defender,5,0,0,-1,,,,0,0,-1,,,,2025-10-26 05:20:30
13701,759230,661,away,0,4-3-3,1,1,5,345207,Jamie Maclellan,Center Left Defender,6,0,0,-1,,,,0,0,-1,,,,2025-10-26 05:20:30
13701,759230,661,away,0,4-3-3,1,1,6,374944,Austin Sparkes,Right Midfielder,7,0,0,-1,,,,1,409991,12,409991.0,4200.0,70',2025-10-26 05:20:30
13701,759230,661,away,0,4-3-3,1,1,8,312362,Demilade Yunus,Left Midfielder,8,0,0,-1,,,,0,0,-1,,,,2025-10-26 05:20:30
13701,759230,661,away,0,4-3-3,1,1,11,375288,Ryan Park,Forward,9,0,0,-1,,,,1,350169,15,350169.0,3840.0,64',2025-10-26 05:20:30
13701,759230,661,away,0,4-3-3,1,1,9,316701,Fergus Alberts,Right Forward,10,0,0,-1,,,,0,0,-1,,,,2025-10-26 05:20:30
13701,759230,661,away,0,4-3-3,1,1,7,370275,Jack Mitchell,Left Forward,11,0,0,-1,,,,0,0,-1,,,,2025-10-26 05:20:30
13701,759230,661,away,0,4-3-3,1,0,12,409991,Marcus Binnie,Substitute,0,1,374944,6,374944.0,4200.0,70',0,0,-1,,,,2025-10-26 05:20:30
13701,759230,661,away,0,4-3-3,1,0,21,400642,Ethan Hopkinson,Substitute,0,0,0,-1,,,,0,0,-1,,,,2025-10-26 05:20:30
13701,759230,661,away,0,4-3-3,1,0,15,350169,Aleksander Dlugosz,Substitute,0,1,375288,11,375288.0,3840.0,64',0,0,-1,,,,2025-10-26 05:20:30
13701,759230,661,away,0,4-3-3,1,0,18,350154,Jayden Goldie,Substitute,0,1,394828,2,394828.0,2700.0,45',0,0,-1,,,,2025-10-26 05:20:30
13701,759230,661,away,0,4-3-3,1,0,14,326888,Lucas Smith,Substitute,0,0,0,-1,,,,0,0,-1,,,,2025-10-26 05:20:30
13701,759230,661,away,0,4-3-3,1,0,17,312029,Max Stewart,Substitute,0,0,0,-1,,,,0,0,-1,,,,2025-10-26 05:20:30
13701,759230,661,away,0,4-3-3,1,0,16,350174,Cameron Angus,Substitute,0,1,301562,3,301562.0,4740.0,79',0,0,-1,,,,2025-10-26 05:20:30
13701,759231,2832,home,1,4-2-3-1,1,1,1,256428,Mark Weir,Goalkeeper,1,0,0,-1,,,,0,0,-1,,,,2025-10-26 05:20:30
13701,759231,2832,home,1,4-2-3-1,1,1,6,277672,Edin Lynch,Right Back,2,0,0,-1,,,,0,0,-1,,,,2025-10-26 05:20:30
13701,759231,2832,home,1,4-2-3-1,1,1,3,336766,Quinn Mitchell,Left Back,3,0,0,-1,,,,0,0,-1,,,,2025-10-26 05:20:30
13701,759231,2832,home,1,4-2-3-1,1,1,21,312345,Bradley Barrett,Left Midfielder,4,0,0,-1,,,,0,0,-1,,,,2025-10-26 05:20:30
13701,759231,2832,home,1,4-2-3-1,1,1,17,352383,Lewis Mcarthur,Center Right Defender,5,0,0,-1,,,,1,407287,20,407287.0,4920.0,82',2025-10-26 05:20:30
13701,759231,2832,home,1,4-2-3-1,1,1,4,350197,Jake Service,Center Left Defender,6,0,0,-1,,,,0,0,-1,,,,2025-10-26 05:20:30
13701,759231,2832,home,1,4-2-3-1,1,1,7,239268,James Stokes,Attacking Midfielder Right,7,0,0,-1,,,,0,0,-1,,,,2025-10-26 05:20:30
13701,759231,2832,home,1,4-2-3-1,1,1,10,260602,Jason Jarvis,Right Midfielder,8,0,0,-1,,,,0,0,-1,,,,2025-10-26 05:20:30
13701,759231,2832,home,1,4-2-3-1,1,1,5,154406,Jack Duncan,Forward,9,0,0,-1,,,,1,327831,11,327831.0,1080.0,18',2025-10-26 05:20:30
13701,759231,2832,home,1,4-2-3-1,1,1,14,347066,M. Zaid,Attacking Midfielder,10,0,0,-1,,,,0,0,-1,,,,2025-10-26 05:20:30
13701,759231,2832,home,1,4-2-3-1,1,1,8,321900,Robert Mahon,Attacking Midfielder Left,11,0,0,-1,,,,0,0,-1,,,,2025-10-26 05:20:30
13701,759231,2832,home,1,4-2-3-1,1,0,12,401032,Enzo Marinovic,Substitute,0,0,0,-1,,,,0,0,-1,,,,2025-10-26 05:20:30
13701,759231,2832,home,1,4-2-3-1,1,0,18,407593,Lucas Quinn,Substitute,0,0,0,-1,,,,0,0,-1,,,,2025-10-26 05:20:30
13701,759231,2832,home,1,4-2-3-1,1,0,20,407287,Logan Myles,Substitute,0,1,352383,17,352383.0,4920.0,82',0,0,-1,,,,2025-10-26 05:20:30
13701,759231,2832,home,1,4-2-3-1,1,0,16,407285,Callum Brodie,Substitute,0,0,0,-1,,,,0,0,-1,,,,2025-10-26 05:20:30
13701,759231,2832,home,1,4-2-3-1,1,0,11,327831,Innes Lawson,Substitute,0,1,154406,5,154406.0,1080.0,18',0,0,-1,,,,2025-10-26 05:20:30
13701,759231,18019,away,0,3-5-2,1,1,1,410039,Alex Sutherland,Goalkeeper,1,0,0,-1,,,,0,0,-1,,,,2025-10-26 05:20:30
13701,759231,18019,away,0,3-5-2,1,1,11,322595,Alex Jeanes,Right Midfielder,2,0,0,-1,,,,0,0,-1,,,,2025-10-26 05:20:30
13701,759231,18019,away,0,3-5-2,1,1,8,400753,Euan Walker,Left Midfielder,3,0,0,-1,,,,1,388269,18,388269.0,5220.0,87',2025-10-26 05:20:30
13701,759231,18019,away,0,3-5-2,1,1,4,346309,Carter Jenkins,Center Left Defender,4,0,0,-1,,,,0,0,-1,,,,2025-10-26 05:20:30
13701,759231,18019,away,0,3-5-2,1,1,3,410046,Lewis Blane,Center Defender,5,0,0,-1,,,,0,0,-1,,,,2025-10-26 05:20:30
13701,759231,18019,away,0,3-5-2,1,1,2,365388,Calan Ledingham,Center Right Defender,6,0,0,-1,,,,1,324856,14,324856.0,5220.0,87',2025-10-26 05:20:30
13701,759231,18019,away,0,3-5-2,1,1,5,381651,Archie Gibson,Center Right Midfielder,7,0,0,-1,,,,1,77939,15,77939.0,4380.0,73',2025-10-26 05:20:30
13701,759231,18019,away,0,3-5-2,1,1,7,344865,Jay Burns,Center Left Midfielder,8,0,0,-1,,,,1,345205,17,345205.0,3900.0,65',2025-10-26 05:20:30
13701,759231,18019,away,0,3-5-2,1,1,10,370592,Thomas Vonk,Center Left Forward,9,0,0,-1,,,,1,366873,16,366873.0,4380.0,73',2025-10-26 05:20:30
13701,759231,18019,away,0,3-5-2,1,1,9,376650,Finn Moffett,Center Right Forward,10,0,0,-1,,,,0,0,-1,,,,2025-10-26 05:20:30
13701,759231,18019,away,0,3-5-2,1,1,6,350136,Benjamin Heal,Attacking Midfielder,11,0,0,-1,,,,0,0,-1,,,,2025-10-26 05:20:30
13701,759231,18019,away,0,3-5-2,1,0,20,241255,Harry Smith,Substitute,0,0,0,-1,,,,0,0,-1,,,,2025-10-26 05:20:30
13701,759231,18019,away,0,3-5-2,1,0,19,410040,Eliott Champness,Substitute,0,0,0,-1,,,,0,0,-1,,,,2025-10-26 05:20:30
13701,759231,18019,away,0,3-5-2,1,0,18,388269,Dylan Brown,Substitute,0,1,400753,8,400753.0,5220.0,87',0,0,-1,,,,2025-10-26 05:20:30
13701,759231,18019,away,0,3-5-2,1,0,12,368074,Duncan Laird,Substitute,0,0,0,-1,,,,0,0,-1,,,,2025-10-26 05:20:30
13701,759231,18019,away,0,3-5-2,1,0,16,366873,Nathan Tallen,Substitute,0,1,370592,10,370592.0,4380.0,73',0,0,-1,,,,2025-10-26 05:20:30
13701,759231,18019,away,0,3-5-2,1,0,21,353081,Adam Buttigieg,Substitute,0,0,0,-1,,,,0,0,-1,,,,2025-10-26 05:20:30
13701,759231,18019,away,0,3-5-2,1,0,17,345205,Sam Martin,Substitute,0,1,344865,7,344865.0,3900.0,65',0,0,-1,,,,2025-10-26 05:20:30
13701,759231,18019,away,0,3-5-2,1,0,14,324856,Finn Regan,Substitute,0,1,365388,2,365388.0,5220.0,87',0,0,-1,,,,2025-10-26 05:20:30
13701,759231,18019,away,0,3-5-2,1,0,15,77939,Liam Trotter,Substitute,0,1,381651,5,381651.0,4380.0,73',0,0,-1,,,,2025-10-26 05:20:30
13701,759232,10603,home,1,4-4-2,1,1,1,162856,William Muir,Goalkeeper,1,0,0,-1,,,,0,0,-1,,,,2025-10-26 05:20:30
13701,759232,10603,home,1,4-4-2,1,1,14,394832,Ross Clark,Right Back,2,0,0,-1,,,,1,308577,21,308577.0,3840.0,64',2025-10-26 05:20:30
13701,759232,10603,home,1,4-4-2,1,1,3,394827,Scott Schoneville,Left Back,3,0,0,-1,,,,1,352401,2,352401.0,3840.0,64',2025-10-26 05:20:30
13701,759232,10603,home,1,4-4-2,1,1,8,347303,Austin Sime,Center Right Midfielder,4,0,0,-1,,,,1,347419,18,347419.0,4800.0,80',2025-10-26 05:20:30
13701,759232,10603,home,1,4-4-2,1,1,5,209568,Aiden Wilson,Center Right Defender,5,0,0,-1,,,,0,0,-1,,,,2025-10-26 05:20:30
13701,759232,10603,home,1,4-4-2,1,1,24,394837,Kyle Mcavoy,Center Left Defender,6,0,0,-1,,,,0,0,-1,,,,2025-10-26 05:20:30
13701,759232,10603,home,1,4-4-2,1,1,11,394829,Luke Gillies,Right Midfielder,7,0,0,-1,,,,0,0,-1,,,,2025-10-26 05:20:30
13701,759232,10603,home,1,4-4-2,1,1,23,282314,Neil Mcpherson,Center Left Midfielder,8,0,0,-1,,,,1,67800,4,67800.0,3840.0,64',2025-10-26 05:20:30
13701,759232,10603,home,1,4-4-2,1,1,10,324847,Ewan Thomson,Center Left Forward,9,0,0,-1,,,,1,353054,7,353054.0,3840.0,64',2025-10-26 05:20:30
13701,759232,10603,home,1,4-4-2,1,1,9,394835,Connor Boyd,Center Right Forward,10,0,0,-1,,,,0,0,-1,,,,2025-10-26 05:20:30
13701,759232,10603,home,1,4-4-2,1,1,15,223797,Ruaridh Langan,Left Midfielder,11,0,0,-1,,,,0,0,-1,,,,2025-10-26 05:20:30
13701,759232,10603,home,1,4-4-2,1,0,21,308577,Cameron Crooks,Substitute,0,1,394832,14,394832.0,3840.0,64',0,0,-1,,,,2025-10-26 05:20:30
13701,759232,10603,home,1,4-4-2,1,0,4,67800,Andy Kerr,Substitute,0,1,282314,23,282314.0,3840.0,64',0,0,-1,,,,2025-10-26 05:20:30
13701,759232,10603,home,1,4-4-2,1,0,19,375389,Lwendo Kazoka,Substitute,0,0,0,-1,,,,0,0,-1,,,,2025-10-26 05:20:30
13701,759232,10603,home,1,4-4-2,1,0,7,353054,Alex Nimmo,Substitute,0,1,324847,10,324847.0,3840.0,64',0,0,-1,,,,2025-10-26 05:20:30
13701,759232,10603,home,1,4-4-2,1,0,2,352401,Keiran Wood,Substitute,0,1,394827,3,394827.0,3840.0,64',0,0,-1,,,,2025-10-26 05:20:30
13701,759232,10603,home,1,4-4-2,1,0,18,347419,Robbie Scullion,Substitute,0,1,347303,8,347303.0,4800.0,80',0,0,-1,,,,2025-10-26 05:20:30
13701,759232,10603,home,1,4-4-2,1,0,20,388269,Dylan Brown,Substitute,0,0,0,-1,,,,0,0,-1,,,,2025-10-26 05:20:30
13701,759232,17580,away,0,4-4-2,1,1,1,162898,Jim Atkinson,Goalkeeper,1,0,0,-1,,,,0,0,-1,,,,2025-10-26 05:20:30
13701,759232,17580,away,0,4-4-2,1,1,3,6159,Stuart Douglas,Right Back,2,0,0,-1,,,,0,0,-1,,,,2025-10-26 05:20:30
13701,759232,17580,away,0,4-4-2,1,1,2,362470,Logan Sinclair,Left Back,3,0,0,-1,,,,1,345413,16,345413.0,4380.0,73',2025-10-26 05:20:30
13701,759232,17580,away,0,4-4-2,1,1,6,365998,Andrew Oram,Center Right Midfielder,4,0,0,-1,,,,1,413621,18,413621.0,5280.0,88',2025-10-26 05:20:30
13701,759232,17580,away,0,4-4-2,1,1,4,408064,Liam Lamonby,Center Right Defender,5,0,0,-1,,,,0,0,-1,,,,2025-10-26 05:20:30
13701,759232,17580,away,0,4-4-2,1,1,5,229709,Sam Atkinson,Center Left Defender,6,0,0,-1,,,,0,0,-1,,,,2025-10-26 05:20:30
13701,759232,17580,away,0,4-4-2,1,1,11,239243,Lewis Bell,Right Midfielder,7,0,0,-1,,,,1,383917,15,383917.0,2700.0,45',2025-10-26 05:20:30
13701,759232,17580,away,0,4-4-2,1,1,8,260615,Robbie Ivison,Center Left Midfielder,8,0,0,-1,,,,1,365493,14,365493.0,5040.0,84',2025-10-26 05:20:30
13701,759232,17580,away,0,4-4-2,1,1,10,206494,Sean McKenzie,Center Left Forward,9,0,0,-1,,,,1,351343,12,351343.0,5280.0,88',2025-10-26 05:20:30
13701,759232,17580,away,0,4-4-2,1,1,9,4943,Iain Anderson,Center Right Forward,10,0,0,-1,,,,0,0,-1,,,,2025-10-26 05:20:30
13701,759232,17580,away,0,4-4-2,1,1,7,390921,Hayden Tait,Left Midfielder,11,0,0,-1,,,,0,0,-1,,,,2025-10-26 05:20:30
13701,759232,17580,away,0,4-4-2,1,0,21,410026,Harry Cross,Substitute,0,0,0,-1,,,,0,0,-1,,,,2025-10-26 05:20:30
13701,759232,17580,away,0,4-4-2,1,0,18,413621,Leo Clark,Substitute,0,1,365998,6,365998.0,5280.0,88',0,0,-1,,,,2025-10-26 05:20:30
13701,759232,17580,away,0,4-4-2,1,0,14,365493,Kayn Cranston,Substitute,0,1,260615,8,260615.0,5040.0,84',0,0,-1,,,,2025-10-26 05:20:30
13701,759232,17580,away,0,4-4-2,1,0,12,351343,Liam Short,Substitute,0,1,206494,10,206494.0,5280.0,88',0,0,-1,,,,2025-10-26 05:20:30
13701,759232,17580,away,0,4-4-2,1,0,17,329416,Luke Mcmurtrie,Substitute,0,0,0,-1,,,,0,0,-1,,,,2025-10-26 05:20:30
13701,759232,17580,away,0,4-4-2,1,0,16,345413,Kyan Gunn,Substitute,0,1,362470,2,362470.0,4380.0,73',0,0,-1,,,,2025-10-26 05:20:30
13701,759232,17580,away,0,4-4-2,1,0,15,383917,Aaron Weir,Substitute,0,1,239243,11,239243.0,2700.0,45',0,0,-1,,,,2025-10-26 05:20:30
13701,759233,20845,home,1,3-5-2,1,1,1,238860,Kelby Mason,Goalkeeper,1,0,0,-1,,,,0,0,-1,,,,2025-10-26 05:20:30
13701,759233,20845,home,1,3-5-2,1,1,18,169137,Scott Gray,Right Midfielder,2,0,0,-1,,,,0,0,-1,,,,2025-10-26 05:20:30
13701,759233,20845,home,1,3-5-2,1,1,16,312351,Euan Greig,Left Midfielder,3,0,0,-1,,,,0,0,-1,,,,2025-10-26 05:20:30
13701,759233,20845,home,1,3-5-2,1,1,3,188136,Robbie McIntyre,Center Left Defender,4,0,0,-1,,,,0,0,-1,,,,2025-10-26 05:20:30
13701,759233,20845,home,1,3-5-2,1,1,19,308696,Josh Grigor,Center Defender,5,0,0,-1,,,,1,163012,21,163012.0,5160.0,86',2025-10-26 05:20:30
13701,759233,20845,home,1,3-5-2,1,1,2,229901,Sam Young,Center Right Defender,6,0,0,-1,,,,0,0,-1,,,,2025-10-26 05:20:30
13701,759233,20845,home,1,3-5-2,1,1,8,248958,Samuel Jones,Center Right Midfielder,7,0,0,-1,,,,1,379805,17,379805.0,5160.0,86',2025-10-26 05:20:30
13701,759233,20845,home,1,3-5-2,1,1,23,297556,Conor Doan,Center Left Midfielder,8,0,0,-1,,,,0,0,-1,,,,2025-10-26 05:20:30
13701,759233,20845,home,1,3-5-2,1,1,12,240685,Harry Girdwood,Center Left Forward,9,0,0,-1,,,,1,329310,7,329310.0,4620.0,77',2025-10-26 05:20:30
13701,759233,20845,home,1,3-5-2,1,1,9,338846,Cameron Mckinlay,Center Right Forward,10,0,0,-1,,,,1,158068,10,158068.0,4620.0,77',2025-10-26 05:20:30
13701,759233,20845,home,1,3-5-2,1,1,11,239234,Broque Watson,Attacking Midfielder,11,0,0,-1,,,,1,206482,24,206482.0,5160.0,86',2025-10-26 05:20:30
13701,759233,20845,home,1,3-5-2,1,0,24,206482,Euan Bauld,Substitute,0,1,239234,11,239234.0,5160.0,86',0,0,-1,,,,2025-10-26 05:20:30
13701,759233,20845,home,1,3-5-2,1,0,17,379805,Reece Mullen,Substitute,0,1,248958,8,248958.0,5160.0,86',0,0,-1,,,,2025-10-26 05:20:30
13701,759233,20845,home,1,3-5-2,1,0,22,365556,Owen Hayward,Substitute,0,0,0,-1,,,,0,0,-1,,,,2025-10-26 05:20:30
13701,759233,20845,home,1,3-5-2,1,0,7,329310,Guy Mcgarry,Substitute,0,1,240685,12,240685.0,4620.0,77',0,0,-1,,,,2025-10-26 05:20:30
13701,759233,20845,home,1,3-5-2,1,0,10,158068,Daniel Handling,Substitute,0,1,338846,9,338846.0,4620.0,77',0,0,-1,,,,2025-10-26 05:20:30
13701,759233,20845,home,1,3-5-2,1,0,21,163012,Ben Miller,Substitute,0,1,308696,19,308696.0,5160.0,86',0,0,-1,,,,2025-10-26 05:20:30
13701,759233,22367,away,0,4-2-3-1,1,1,1,190265,Ross Matthews,Goalkeeper,1,0,0,-1,,,,0,0,-1,,,,2025-10-26 05:20:30
13701,759233,22367,away,0,4-2-3-1,1,1,2,239247,Liam Gibb,Right Back,2,0,0,-1,,,,0,0,-1,,,,2025-10-26 05:20:30
13701,759233,22367,away,0,4-2-3-1,1,1,3,240714,Brian Rice,Left Back,3,0,0,-1,,,,0,0,-1,,,,2025-10-26 05:20:30
13701,759233,22367,away,0,4-2-3-1,1,1,7,38518,Bobby Linn,Left Midfielder,4,0,0,-1,,,,0,0,-1,,,,2025-10-26 05:20:30
13701,759233,22367,away,0,4-2-3-1,1,1,4,105090,Craig Donald,Center Right Defender,5,0,0,-1,,,,0,0,-1,,,,2025-10-26 05:20:30
13701,759233,22367,away,0,4-2-3-1,1,1,5,395216,Ross Jamieson,Center Left Defender,6,0,0,-1,,,,1,260274,20,260274.0,4680.0,78',2025-10-26 05:20:30
13701,759233,22367,away,0,4-2-3-1,1,1,19,179121,Cameron Dow,Attacking Midfielder Right,7,0,0,-1,,,,0,0,-1,,,,2025-10-26 05:20:30
13701,759233,22367,away,0,4-2-3-1,1,1,14,93676,Brian Clark,Right Midfielder,8,0,0,-1,,,,1,191382,8,191382.0,3600.0,60',2025-10-26 05:20:30
13701,759233,22367,away,0,4-2-3-1,1,1,11,228984,Frankie Devine,Forward,9,0,0,-1,,,,0,0,-1,,,,2025-10-26 05:20:30
13701,759233,22367,away,0,4-2-3-1,1,1,10,197370,Michael Gardyne,Attacking Midfielder,10,0,0,-1,,,,1,308683,16,308683.0,5220.0,87',2025-10-26 05:20:30
13701,759233,22367,away,0,4-2-3-1,1,1,17,136913,Paul Sludden,Attacking Midfielder Left,11,0,0,-1,,,,0,0,-1,,,,2025-10-26 05:20:30
13701,759233,22367,away,0,4-2-3-1,1,0,20,260274,Luc Bollan,Substitute,0,1,395216,5,395216.0,4680.0,78',0,0,-1,,,,2025-10-26 05:20:30
13701,759233,22367,away,0,4-2-3-1,1,0,8,191382,Jamie Montgomery,Substitute,0,1,93676,14,93676.0,3600.0,60',0,0,-1,,,,2025-10-26 05:20:30
13701,759233,22367,away,0,4-2-3-1,1,0,99,168076,Joshua Gorton,Substitute,0,0,0,-1,,,,0,0,-1,,,,2025-10-26 05:20:30
13701,759233,22367,away,0,4-2-3-1,1,0,16,308683,Cammy Blacklock,Substitute,0,1,197370,10,197370.0,5220.0,87',0,0,-1,,,,2025-10-26 05:20:30
13701,759234,404,home,1,4-3-3,1,1,12,250653,Owen Stott,Goalkeeper,1,0,0,-1,,,,0,0,-1,,,,2025-10-26 05:20:30
13701,759234,404,home,1,4-3-3,1,1,24,276338,James Grant,Right Back,2,0,0,-1,,,,1,191434,2,191434.0,2700.0,45',2025-10-26 05:20:30
13701,759234,404,home,1,4-3-3,1,1,19,143755,Chris Mcgowan,Left Back,3,0,0,-1,,,,0,0,-1,,,,2025-10-26 05:20:30
13701,759234,404,home,1,4-3-3,1,1,10,107838,Nicky Little,Center Midfielder,4,0,0,-1,,,,1,20042,21,20042.0,3900.0,65',2025-10-26 05:20:30
13701,759234,404,home,1,4-3-3,1,1,22,191683,David Syme,Center Right Defender,5,0,0,-1,,,,0,0,-1,,,,2025-10-26 05:20:30
13701,759234,404,home,1,4-3-3,1,1,4,228757,Matt Niven,Center Left Defender,6,0,0,-1,,,,0,0,-1,,,,2025-10-26 05:20:30
13701,759234,404,home,1,4-3-3,1,1,8,212367,Dean Cairns,Right Midfielder,7,0,0,-1,,,,1,347271,16,347271.0,3900.0,65',2025-10-26 05:20:30
13701,759234,404,home,1,4-3-3,1,1,23,37903,Nicky Low,Left Midfielder,8,0,0,-1,,,,0,0,-1,,,,2025-10-26 05:20:30
13701,759234,404,home,1,4-3-3,1,1,17,227710,Keir Samson,Forward,9,0,0,-1,,,,0,0,-1,,,,2025-10-26 05:20:30
13701,759234,404,home,1,4-3-3,1,1,7,167764,Lee Gallacher,Right Forward,10,0,0,-1,,,,0,0,-1,,,,2025-10-26 05:20:30
13701,759234,404,home,1,4-3-3,1,1,11,219357,Neil McLaughlin,Left Forward,11,0,0,-1,,,,1,329390,15,329390.0,3900.0,65',2025-10-26 05:20:30
13701,759234,404,home,1,4-3-3,1,0,18,413607,Archie Nicol,Substitute,0,0,0,-1,,,,0,0,-1,,,,2025-10-26 05:20:30
13701,759234,404,home,1,4-3-3,1,0,20,410053,Max Clarke,Substitute,0,0,0,-1,,,,0,0,-1,,,,2025-10-26 05:20:30
13701,759234,404,home,1,4-3-3,1,0,3,388258,Owen Carey,Substitute,0,0,0,-1,,,,0,0,-1,,,,2025-10-26 05:20:30
13701,759234,404,home,1,4-3-3,1,0,25,384288,Aaron Preston,Substitute,0,0,0,-1,,,,0,0,-1,,,,2025-10-26 05:20:30
13701,759234,404,home,1,4-3-3,1,0,15,329390,Oisin Mchugh,Substitute,0,1,219357,11,219357.0,3900.0,65',0,0,-1,,,,2025-10-26 05:20:30
13701,759234,404,home,1,4-3-3,1,0,26,281324,Aidan Dunne,Substitute,0,0,0,-1,,,,0,0,-1,,,,2025-10-26 05:20:30
13701,759234,404,home,1,4-3-3,1,0,2,191434,Adam Hodge,Substitute,0,1,276338,24,276338.0,2700.0,45',0,0,-1,,,,2025-10-26 05:20:30
13701,759234,404,home,1,4-3-3,1,0,21,20042,Aaron Black,Substitute,0,1,107838,10,107838.0,3900.0,65',0,0,-1,,,,2025-10-26 05:20:30
13701,759234,404,home,1,4-3-3,1,0,16,347271,Rocco Hickey-Fugaccia,Substitute,0,1,212367,8,212367.0,3900.0,65',0,0,-1,,,,2025-10-26 05:20:30
13701,759234,418,away,0,4-2-3-1,1,1,1,310993,Jay Cantley,Goalkeeper,1,0,0,-1,,,,0,0,-1,,,,2025-10-26 05:20:30
13701,759234,418,away,0,4-2-3-1,1,1,5,390651,Ben Hobbs,Right Back,2,0,0,-1,,,,0,0,-1,,,,2025-10-26 05:20:30
13701,759234,418,away,0,4-2-3-1,1,1,3,84039,Mark Docherty,Left Back,3,0,0,-1,,,,1,398784,25,398784.0,4260.0,71',2025-10-26 05:20:30
13701,759234,418,away,0,4-2-3-1,1,1,15,347012,Adam Macdonald,Left Midfielder,4,0,0,-1,,,,1,370267,8,370267.0,2280.0,38',2025-10-26 05:20:30
13701,759234,418,away,0,4-2-3-1,1,1,4,179066,Chris Inglis,Center Right Defender,5,0,0,-1,,,,0,0,-1,,,,2025-10-26 05:20:30
13701,759234,418,away,0,4-2-3-1,1,1,2,346287,Anthony Coutts,Center Left Defender,6,0,0,-1,,,,0,0,-1,,,,2025-10-26 05:20:30
13701,759234,418,away,0,4-2-3-1,1,1,11,15899,Stephen O'Neill,Attacking Midfielder Right,7,0,0,-1,,,,0,0,-1,,,,2025-10-26 05:20:30
13701,759234,418,away,0,4-2-3-1,1,1,6,67807,Morgaro Gomis,Right Midfielder,8,0,0,-1,,,,0,0,-1,,,,2025-10-26 05:20:30
13701,759234,418,away,0,4-2-3-1,1,1,19,410024,Campbell Dowie,Forward,9,0,0,-1,,,,1,311112,9,311112.0,2700.0,45',2025-10-26 05:20:30
13701,759234,418,away,0,4-2-3-1,1,1,16,387372,Flynn Mccafferty,Attacking Midfielder,10,0,0,-1,,,,0,0,-1,,,,2025-10-26 05:20:30
13701,759234,418,away,0,4-2-3-1,1,1,7,365492,Ethan Sunderland,Attacking Midfielder Left,11,0,0,-1,,,,1,388194,18,388194.0,3360.0,56',2025-10-26 05:20:30
13701,759234,418,away,0,4-2-3-1,1,0,9,311112,Finlay Malcolm,Substitute,0,1,410024,19,410024.0,2700.0,45',0,0,-1,,,,2025-10-26 05:20:30
13701,759234,418,away,0,4-2-3-1,1,0,14,345193,Kieran Curtis,Substitute,0,0,0,-1,,,,0,0,-1,,,,2025-10-26 05:20:30
13701,759234,418,away,0,4-2-3-1,1,0,10,194207,Callum Murray,Substitute,0,0,0,-1,,,,0,0,-1,,,,2025-10-26 05:20:30
13701,759234,418,away,0,4-2-3-1,1,0,21,132998,Neil Mitchell,Substitute,0,0,0,-1,,,,0,0,-1,,,,2025-10-26 05:20:30
13701,759234,418,away,0,4-2-3-1,1,0,20,370266,Aarron Macalpine,Substitute,0,0,0,-1,,,,0,0,-1,,,,2025-10-26 05:20:30
13701,759234,418,away,0,4-2-3-1,1,0,8,370267,Ynyr Liddell,Substitute,0,1,347012,15,347012.0,2280.0,38',0,0,-1,,,,2025-10-26 05:20:30
13701,759234,418,away,0,4-2-3-1,1,0,18,388194,Jamie Hislop,Substitute,0,1,365492,7,365492.0,3360.0,56',0,0,-1,,,,2025-10-26 05:20:30
13701,759234,418,away,0,4-2-3-1,1,0,17,26586,Matt Flynn,Substitute,0,0,0,-1,,,,0,0,-1,,,,2025-10-26 05:20:30
13701,759234,418,away,0,4-2-3-1,1,0,25,398784,Kenzie Mitchell,Substitute,0,1,84039,3,84039.0,4260.0,71',0,0,-1,,,,2025-10-26 05:20:30
