seasonType,year,league,teamId,athleteId,appearances_value,subIns_value,foulsCommitted_value,foulsSuffered_value,yellowCards_value,redCards_value,ownGoals_value,goalAssists_value,offsides_value,shotsOnTarget_value,totalShots_value,totalGoals_value,shotsFaced_value,saves_value,goalsConceded_value,timestamp
13688,2025,UEFA.EUROPA,104,6729,0,0,0,0,0,0,0,0,0,0,0,0,0,0,0,2025-11-11 06:09:09
13688,2025,UEFA.EUROPA,2720,9101,0,0,0,0,0,0,0,0,0,0,0,0,0,0,0,2025-11-11 06:09:16
13688,2025,UEFA.EUROPA,257,16264,0,0,0,0,0,0,0,0,0,0,0,0,0,0,0,2025-11-11 06:09:19
13688,2025,UEFA.EUROPA,2720,22706,0,0,0,0,0,0,0,0,0,0,0,0,0,0,0,2025-11-11 06:09:16
13688,2025,UEFA.EUROPA,13018,25891,4,3,3,0,1,0,0,1,0,1,1,0,0,0,4,2025-11-11 06:09:15
13688,2025,UEFA.EUROPA,437,28261,0,0,0,0,0,0,0,0,0,0,0,0,0,0,0,2025-11-11 06:09:12
13688,2025,UEFA.EUROPA,2790,33435,4,0,3,1,1,0,0,0,0,0,0,0,0,0,6,2025-11-11 06:09:18
13688,2025,UEFA.EUROPA,256,39902,3,1,3,0,1,0,0,0,1,3,4,1,0,0,3,2025-11-11 06:09:11
13688,2025,UEFA.EUROPA,256,40200,4,0,0,0,0,0,0,0,0,0,0,0,0,16,7,2025-11-11 06:09:11
13688,2025,UEFA.EUROPA,2994,50959,4,1,4,0,0,0,0,0,0,0,2,0,0,0,2,2025-11-11 06:09:10
13688,2025,UEFA.EUROPA,244,55246,0,0,0,0,0,0,0,0,0,0,0,0,0,0,0,2025-11-11 06:09:19
13688,2025,UEFA.EUROPA,244,70224,4,2,1,4,0,0,0,0,1,1,3,0,0,0,0,2025-11-11 06:09:19
13688,2025,UEFA.EUROPA,2720,75987,0,0,0,0,0,0,0,0,0,0,0,0,0,0,0,2025-11-11 06:09:16
13688,2025,UEFA.EUROPA,153,83494,4,0,6,17,0,0,0,0,1,3,6,1,0,0,5,2025-11-11 06:09:13
13688,2025,UEFA.EUROPA,256,84049,4,0,7,3,0,0,0,0,0,0,1,0,0,0,7,2025-11-11 06:09:11
13688,2025,UEFA.EUROPA,166,88965,4,3,2,2,0,0,0,0,0,3,5,1,0,0,2,2025-11-11 06:09:15
13688,2025,UEFA.EUROPA,2994,92335,0,0,0,0,0,0,0,0,0,0,0,0,0,0,0,2025-11-11 06:09:10
13688,2025,UEFA.EUROPA,85,92800,4,0,1,3,0,0,0,1,0,4,8,2,0,0,3,2025-11-11 06:09:11
13688,2025,UEFA.EUROPA,622,96570,0,0,0,0,0,0,0,0,0,0,0,0,0,0,0,2025-11-11 06:09:14
13688,2025,UEFA.EUROPA,2290,98193,4,0,5,4,1,0,0,0,4,3,8,2,0,0,3,2025-11-11 06:09:19
13688,2025,UEFA.EUROPA,2994,98573,3,1,1,6,1,0,0,0,0,3,5,1,0,0,4,2025-11-11 06:09:10
13688,2025,UEFA.EUROPA,2722,104982,1,0,2,0,1,0,0,0,0,0,0,0,0,0,1,2025-08-31 05:05:27
13688,2025,UEFA.EUROPA,605,107000,3,1,3,0,0,0,0,0,0,1,3,0,0,0,3,2025-11-11 06:09:17
13688,2025,UEFA.EUROPA,605,117239,3,1,4,0,1,0,0,1,0,0,1,0,0,0,3,2025-11-11 06:09:17
13688,2025,UEFA.EUROPA,107,118279,3,2,2,3,1,0,0,0,0,0,2,0,0,0,0,2025-11-11 06:09:10
13688,2025,UEFA.EUROPA,605,119088,0,0,0,0,0,0,0,0,0,0,0,0,0,0,0,2025-11-11 06:09:17
13688,2025,UEFA.EUROPA,126,122292,0,0,0,0,0,0,0,0,0,0,0,0,0,0,0,2025-11-11 06:09:20
13688,2025,UEFA.EUROPA,605,123560,0,0,0,0,0,0,0,0,0,0,0,0,0,0,0,2025-11-11 06:09:17
13688,2025,UEFA.EUROPA,166,123683,2,1,2,2,0,0,0,0,1,2,3,1,0,0,4,2025-11-11 06:09:15
13688,2025,UEFA.EUROPA,989,125465,3,0,0,0,0,0,0,0,0,0,0,0,0,17,3,2025-11-11 06:09:12
13688,2025,UEFA.EUROPA,13018,126491,3,0,0,0,0,0,0,0,0,0,0,0,0,9,6,2025-11-11 06:09:15
13688,2025,UEFA.EUROPA,13018,126645,3,3,3,1,1,0,0,0,1,0,1,0,0,0,1,2025-08-31 05:05:21
13688,2025,UEFA.EUROPA,2720,129289,0,0,0,0,0,0,0,0,0,0,0,0,0,0,0,2025-11-11 06:09:16
13688,2025,UEFA.EUROPA,597,129415,2,0,0,1,0,0,0,0,0,0,0,0,0,0,4,2025-11-11 06:09:11
13688,2025,UEFA.EUROPA,104,130036,4,3,1,3,0,0,0,0,1,2,6,0,0,0,0,2025-11-11 06:09:09
13688,2025,UEFA.EUROPA,2502,130165,1,0,1,0,0,0,0,0,0,0,0,0,0,0,2,2025-11-11 06:09:17
13688,2025,UEFA.EUROPA,153,131354,4,0,4,1,0,0,0,0,0,0,3,0,0,0,5,2025-11-11 06:09:13
13688,2025,UEFA.EUROPA,362,132233,2,0,0,1,1,0,0,0,0,0,0,0,0,15,0,2025-11-11 06:09:10
13688,2025,UEFA.EUROPA,393,134190,1,1,0,0,0,0,0,0,1,1,1,1,0,0,1,2025-11-11 06:09:17
13688,2025,UEFA.EUROPA,244,134230,0,0,0,0,0,0,0,0,0,0,0,0,0,0,0,2025-11-11 06:09:19
13688,2025,UEFA.EUROPA,2720,135579,4,0,3,1,0,0,0,0,0,1,1,0,0,0,4,2025-11-11 06:09:16
13688,2025,UEFA.EUROPA,436,136585,1,1,0,0,0,0,0,0,0,0,0,0,0,0,1,2025-11-11 06:09:13
13688,2025,UEFA.EUROPA,989,136597,3,0,3,4,1,0,0,0,0,0,3,0,0,0,4,2025-11-11 06:09:12
13688,2025,UEFA.EUROPA,2722,136746,3,0,4,1,0,0,0,0,1,0,0,0,0,0,6,2025-11-11 06:09:21
13688,2025,UEFA.EUROPA,989,136775,4,0,4,11,0,0,0,1,0,6,16,3,0,0,4,2025-11-11 06:09:12
13688,2025,UEFA.EUROPA,484,136796,2,0,0,2,0,0,0,1,0,2,6,0,0,0,2,2025-11-11 06:09:13
13688,2025,UEFA.EUROPA,244,136865,3,2,7,1,2,0,0,0,0,0,1,0,0,0,0,2025-11-11 06:09:19
13688,2025,UEFA.EUROPA,2722,137018,0,0,0,0,0,0,0,0,0,0,0,0,0,0,0,2025-11-11 06:09:21
13688,2025,UEFA.EUROPA,443,137076,3,1,3,3,0,0,0,0,1,2,4,1,0,0,4,2025-11-11 06:09:18
13688,2025,UEFA.EUROPA,2720,138055,2,2,0,1,0,0,0,0,0,0,0,0,0,0,2,2025-11-11 06:09:16
13688,2025,UEFA.EUROPA,85,138448,4,1,8,1,0,0,0,0,0,3,6,2,0,0,2,2025-11-11 06:09:11
13688,2025,UEFA.EUROPA,85,138674,0,0,0,0,0,0,0,0,0,0,0,0,0,0,0,2025-11-11 06:09:11
13688,2025,UEFA.EUROPA,257,141144,4,0,2,5,0,0,0,0,0,0,1,0,0,0,8,2025-11-11 06:09:19
13688,2025,UEFA.EUROPA,256,141303,3,2,1,2,0,0,0,0,0,0,0,0,0,0,4,2025-11-11 06:09:11
13688,2025,UEFA.EUROPA,437,142670,0,0,0,0,0,0,0,0,0,0,0,0,0,0,0,2025-11-11 06:09:12
13688,2025,UEFA.EUROPA,167,142743,0,0,0,0,0,0,0,0,0,0,0,0,0,0,0,2025-11-11 06:09:15
13688,2025,UEFA.EUROPA,85,144720,3,0,0,0,0,0,0,0,0,0,0,0,0,7,4,2025-11-11 06:09:11
13688,2025,UEFA.EUROPA,244,145078,1,0,2,1,0,0,0,0,0,0,0,0,0,0,0,2025-11-11 06:09:19
13688,2025,UEFA.EUROPA,167,145190,3,1,2,6,1,0,0,0,1,0,4,0,0,0,0,2025-11-11 06:09:15
13688,2025,UEFA.EUROPA,85,146127,3,0,3,2,0,0,0,0,3,1,3,0,0,0,4,2025-11-11 06:09:11
13688,2025,UEFA.EUROPA,244,147193,4,0,7,2,2,0,0,1,4,2,4,1,0,0,2,2025-11-11 06:09:19
13688,2025,UEFA.EUROPA,11706,148624,2,0,1,3,0,0,0,0,0,4,8,1,0,0,0,2025-11-11 06:09:21
13688,2025,UEFA.EUROPA,2720,149538,2,0,4,2,2,0,0,0,0,1,3,0,0,0,2,2025-11-11 06:09:16
13688,2025,UEFA.EUROPA,126,149570,2,2,2,0,0,0,0,0,0,0,0,0,0,0,0,2025-11-11 06:09:20
13688,2025,UEFA.EUROPA,166,150451,4,1,2,2,1,0,0,0,0,1,1,0,0,0,5,2025-11-11 06:09:15
13688,2025,UEFA.EUROPA,2994,151272,0,0,0,0,0,0,0,0,0,0,0,0,0,0,0,2025-11-11 06:09:10
13688,2025,UEFA.EUROPA,393,152349,1,1,0,0,0,0,0,0,0,0,0,0,0,0,0,2025-11-11 06:09:17
13688,2025,UEFA.EUROPA,362,152469,0,0,0,0,0,0,0,0,0,0,0,0,0,0,0,2025-11-11 06:09:10
13688,2025,UEFA.EUROPA,107,152600,3,0,4,2,0,0,0,0,0,0,1,0,0,0,3,2025-11-11 06:09:10
13688,2025,UEFA.EUROPA,572,152859,0,0,0,0,0,0,0,0,0,0,0,0,0,0,0,2025-11-11 06:09:12
13688,2025,UEFA.EUROPA,3706,153764,3,0,2,0,2,0,0,0,0,0,1,0,0,0,3,2025-11-11 06:09:15
13688,2025,UEFA.EUROPA,484,157674,4,2,4,4,1,0,0,0,1,2,3,0,0,0,3,2025-11-11 06:09:13
13688,2025,UEFA.EUROPA,257,157933,4,0,0,1,0,0,0,0,0,0,0,0,0,13,8,2025-11-11 06:09:19
13688,2025,UEFA.EUROPA,2502,157963,0,0,0,0,0,0,0,0,0,0,0,0,0,0,0,2025-11-11 06:09:17
13688,2025,UEFA.EUROPA,153,158143,4,1,2,4,0,0,0,0,0,0,3,0,0,0,4,2025-11-11 06:09:13
13688,2025,UEFA.EUROPA,2290,158174,4,0,0,4,1,0,0,0,0,0,0,0,0,12,5,2025-11-11 06:09:19
13688,2025,UEFA.EUROPA,362,158626,3,0,0,1,0,0,0,0,0,0,0,0,0,4,2,2025-11-11 06:09:10
13688,2025,UEFA.EUROPA,484,160008,3,1,1,0,1,0,0,0,0,0,1,0,0,0,5,2025-11-11 06:09:13
13688,2025,UEFA.EUROPA,362,160115,2,2,2,0,0,0,0,0,0,0,1,0,0,0,0,2025-11-11 06:09:10
13688,2025,UEFA.EUROPA,436,161559,3,3,2,0,3,0,0,0,0,0,2,0,0,0,1,2025-11-11 06:09:13
13688,2025,UEFA.EUROPA,3746,162238,2,2,0,0,0,0,0,0,0,0,0,0,0,0,1,2025-11-11 06:09:20
13688,2025,UEFA.EUROPA,2720,162738,2,1,1,0,0,0,0,0,0,1,1,1,0,0,0,2025-11-11 06:09:16
13688,2025,UEFA.EUROPA,362,162843,4,2,5,2,1,0,0,0,1,2,3,2,0,0,0,2025-11-11 06:09:10
13688,2025,UEFA.EUROPA,605,164167,4,1,2,5,0,0,0,0,0,1,5,1,0,0,4,2025-11-11 06:09:17
13688,2025,UEFA.EUROPA,153,164171,4,2,6,5,0,0,0,0,0,1,5,0,0,0,4,2025-11-11 06:09:13
13688,2025,UEFA.EUROPA,104,164839,1,0,0,2,0,0,0,0,0,1,2,1,0,0,2,2025-11-11 06:09:09
13688,2025,UEFA.EUROPA,443,166257,2,1,1,1,0,0,0,0,0,0,0,0,0,0,1,2025-11-11 06:09:18
13688,2025,UEFA.EUROPA,166,166473,3,2,4,0,0,0,0,1,0,0,0,0,0,0,2,2025-11-11 06:09:15
13688,2025,UEFA.EUROPA,13018,167383,1,1,0,0,0,0,0,0,0,0,0,0,0,1,0,2025-08-31 05:05:21
13688,2025,UEFA.EUROPA,484,169107,1,0,1,1,0,0,0,0,0,0,0,0,0,0,2,2025-11-11 06:09:13
13688,2025,UEFA.EUROPA,104,169213,3,1,3,1,0,0,0,1,0,0,4,0,0,0,2,2025-11-11 06:09:09
13688,2025,UEFA.EUROPA,938,169214,4,0,3,3,0,0,0,0,2,1,7,0,0,0,4,2025-11-11 06:09:18
13688,2025,UEFA.EUROPA,126,169753,1,0,0,0,0,0,0,0,0,0,0,0,0,0,1,2025-11-11 06:09:20
13688,2025,UEFA.EUROPA,126,170209,4,0,1,3,0,0,0,1,0,0,2,0,0,0,3,2025-11-11 06:09:20
13688,2025,UEFA.EUROPA,107,170670,4,0,5,4,0,1,0,0,0,0,2,0,0,0,3,2025-11-11 06:09:10
13688,2025,UEFA.EUROPA,126,171701,2,0,1,2,1,0,0,0,0,0,2,0,0,0,2,2025-11-11 06:09:20
13688,2025,UEFA.EUROPA,167,173214,1,1,0,0,0,0,0,1,0,0,0,0,0,0,0,2025-11-11 06:09:15
13688,2025,UEFA.EUROPA,620,173355,4,2,2,0,0,0,0,2,2,2,5,0,0,0,0,2025-11-11 06:09:20
13688,2025,UEFA.EUROPA,166,174322,4,1,1,4,0,0,0,1,0,3,3,0,0,0,3,2025-11-11 06:09:15
13688,2025,UEFA.EUROPA,605,174508,4,0,3,5,0,0,0,1,0,1,3,1,0,0,6,2025-11-11 06:09:17
13688,2025,UEFA.EUROPA,126,174618,3,1,0,1,0,0,0,1,0,0,0,0,0,0,0,2025-11-11 06:09:20
13688,2025,UEFA.EUROPA,2290,174981,2,2,2,0,1,0,0,0,1,0,0,0,0,0,0,2025-11-11 06:09:19
13688,2025,UEFA.EUROPA,436,175195,4,0,3,7,1,0,0,0,0,0,1,0,0,0,4,2025-11-11 06:09:13
13688,2025,UEFA.EUROPA,597,175812,4,0,1,2,0,0,0,1,0,0,5,0,0,0,6,2025-11-11 06:09:11
13688,2025,UEFA.EUROPA,572,176497,4,1,4,5,1,0,0,0,0,2,2,0,0,0,2,2025-11-11 06:09:12
13688,2025,UEFA.EUROPA,622,176649,2,1,1,2,1,0,0,0,1,1,4,1,0,0,1,2025-11-11 06:09:14
13688,2025,UEFA.EUROPA,443,176747,3,1,1,5,0,0,0,0,0,2,8,0,0,0,1,2025-11-11 06:09:18
13688,2025,UEFA.EUROPA,2502,176816,4,1,3,7,0,0,0,0,0,0,2,0,0,0,5,2025-11-11 06:09:17
13688,2025,UEFA.EUROPA,436,176948,4,0,0,1,0,0,0,0,0,0,0,0,0,10,4,2025-11-11 06:09:13
13688,2025,UEFA.EUROPA,153,177022,1,1,0,0,0,0,0,0,0,0,0,0,0,0,0,2025-11-11 06:09:13
13688,2025,UEFA.EUROPA,484,177815,1,1,0,0,0,0,0,0,0,0,0,0,0,0,3,2025-11-11 06:09:13
13688,2025,UEFA.EUROPA,2720,178176,2,0,0,0,0,0,0,0,0,0,0,0,0,9,5,2025-11-11 06:09:16
13688,2025,UEFA.EUROPA,244,178978,0,0,0,0,0,0,0,0,0,0,0,0,0,0,0,2025-11-11 06:09:19
13688,2025,UEFA.EUROPA,166,179187,3,0,3,2,1,0,0,0,0,0,4,0,0,0,2,2025-11-11 06:09:15
13688,2025,UEFA.EUROPA,107,179358,4,0,0,0,1,0,0,0,0,0,0,0,0,12,3,2025-11-11 06:09:10
13688,2025,UEFA.EUROPA,393,179497,3,0,0,1,0,0,0,0,0,0,0,0,0,4,5,2025-11-11 06:09:17
13688,2025,UEFA.EUROPA,126,179571,4,0,1,2,1,0,0,1,0,4,6,2,0,0,2,2025-11-11 06:09:20
13688,2025,UEFA.EUROPA,107,180956,4,2,0,2,0,0,0,0,1,2,5,0,0,0,1,2025-11-11 06:09:10
13688,2025,UEFA.EUROPA,362,181312,1,0,1,0,0,0,0,0,0,0,2,0,0,0,2,2025-11-11 06:09:10
13688,2025,UEFA.EUROPA,257,181394,4,0,3,6,2,0,0,0,0,3,5,0,0,0,8,2025-11-11 06:09:19
13688,2025,UEFA.EUROPA,622,181525,3,1,3,1,1,0,0,0,0,0,3,0,0,0,1,2025-11-11 06:09:14
13688,2025,UEFA.EUROPA,244,181530,1,0,0,0,0,0,0,0,0,0,0,0,0,0,0,2025-11-11 06:09:19
13688,2025,UEFA.EUROPA,142,182424,4,0,0,3,0,0,0,0,0,0,0,0,0,10,6,2025-11-11 06:09:14
13688,2025,UEFA.EUROPA,605,182682,3,1,1,4,0,0,0,0,0,1,3,0,0,0,0,2025-11-11 06:09:17
13688,2025,UEFA.EUROPA,989,183265,1,0,0,0,0,0,0,0,0,0,0,0,0,3,2,2025-11-11 06:09:12
13688,2025,UEFA.EUROPA,2994,184423,4,0,1,1,0,0,0,3,0,1,5,1,0,0,4,2025-11-11 06:09:10
13688,2025,UEFA.EUROPA,85,188391,1,0,1,1,0,0,0,0,0,0,0,0,0,0,1,2025-11-11 06:09:11
13688,2025,UEFA.EUROPA,597,189394,4,0,5,1,0,0,0,0,0,0,6,0,0,0,6,2025-11-11 06:09:11
13688,2025,UEFA.EUROPA,605,190327,3,1,2,0,0,1,0,0,0,0,1,0,0,0,3,2025-11-11 06:09:17
13688,2025,UEFA.EUROPA,443,191124,2,0,1,1,0,0,0,0,0,0,0,0,0,0,4,2025-11-11 06:09:18
13688,2025,UEFA.EUROPA,597,191450,4,0,3,2,0,0,0,0,0,0,0,0,0,0,6,2025-11-11 06:09:11
13688,2025,UEFA.EUROPA,443,191847,2,0,0,2,0,0,0,0,0,0,0,0,0,0,2,2025-11-11 06:09:18
13688,2025,UEFA.EUROPA,13018,192020,1,0,0,0,0,0,0,0,0,0,0,0,0,3,3,2025-11-11 06:09:15
13688,2025,UEFA.EUROPA,167,192060,2,0,1,7,0,0,0,0,1,2,4,1,0,0,0,2025-11-11 06:09:15
13688,2025,UEFA.EUROPA,572,192660,4,0,8,3,2,0,0,1,0,2,4,1,0,0,2,2025-11-11 06:09:12
13688,2025,UEFA.EUROPA,2720,193186,4,0,1,3,0,0,0,0,1,0,1,0,0,0,6,2025-11-11 06:09:16
13688,2025,UEFA.EUROPA,605,193282,4,2,5,3,1,0,0,2,0,6,8,2,0,0,3,2025-11-11 06:09:17
13688,2025,UEFA.EUROPA,362,193297,1,1,0,1,0,0,0,0,0,0,0,0,0,0,0,2025-11-11 06:09:10
13688,2025,UEFA.EUROPA,2720,194453,3,3,2,2,1,0,0,0,0,0,1,0,0,0,2,2025-11-11 06:09:16
13688,2025,UEFA.EUROPA,443,194747,3,2,1,1,1,0,0,0,1,0,0,0,0,0,4,2025-11-11 06:09:18
13688,2025,UEFA.EUROPA,2790,195082,3,0,0,1,0,0,0,0,0,0,0,0,0,9,6,2025-11-11 06:09:18
13688,2025,UEFA.EUROPA,2722,195221,4,1,1,2,0,0,0,0,2,2,7,1,0,0,5,2025-11-11 06:09:21
13688,2025,UEFA.EUROPA,244,195226,2,1,2,1,0,0,0,0,0,0,0,0,0,0,2,2025-11-11 06:09:19
13688,2025,UEFA.EUROPA,436,195226,2,1,2,1,0,0,0,0,0,0,0,0,0,0,2,2025-10-07 05:25:12
13688,2025,UEFA.EUROPA,3706,195502,3,3,0,1,0,0,0,0,0,0,1,0,0,0,1,2025-11-11 06:09:15
13688,2025,UEFA.EUROPA,85,195790,4,0,3,3,0,0,0,0,0,0,0,0,0,0,4,2025-11-11 06:09:11
13688,2025,UEFA.EUROPA,436,195821,4,1,1,0,0,0,0,0,0,2,4,0,0,0,4,2025-11-11 06:09:13
13688,2025,UEFA.EUROPA,622,196567,4,1,7,2,1,0,0,0,0,1,7,0,0,0,1,2025-11-11 06:09:14
13688,2025,UEFA.EUROPA,2290,197342,3,0,2,1,0,0,0,1,0,1,1,0,0,0,3,2025-11-11 06:09:19
13688,2025,UEFA.EUROPA,362,198825,4,2,0,5,0,0,0,0,2,3,7,0,0,0,2,2025-11-11 06:09:10
13688,2025,UEFA.EUROPA,2722,199378,2,0,1,0,0,0,0,0,2,0,0,0,25,8,3,2025-08-31 05:05:27
13688,2025,UEFA.EUROPA,134,201123,0,0,0,0,0,0,0,0,0,0,0,0,0,0,0,2025-11-11 06:09:21
13688,2025,UEFA.EUROPA,393,201304,3,0,1,1,1,0,0,0,0,0,0,0,0,0,5,2025-11-11 06:09:17
13688,2025,UEFA.EUROPA,436,201625,3,1,2,4,0,0,0,1,0,1,6,0,0,0,1,2025-11-11 06:09:13
13688,2025,UEFA.EUROPA,989,202100,3,0,3,0,2,0,0,0,0,2,6,1,0,0,4,2025-11-11 06:09:12
13688,2025,UEFA.EUROPA,107,202429,4,1,6,5,1,0,0,0,0,1,5,0,0,0,2,2025-11-11 06:09:10
13688,2025,UEFA.EUROPA,2722,202714,4,3,4,3,1,0,0,0,3,1,4,0,0,0,5,2025-11-11 06:09:21
13688,2025,UEFA.EUROPA,126,202802,0,0,0,0,0,0,0,0,0,0,0,0,0,0,0,2025-11-11 06:09:20
13688,2025,UEFA.EUROPA,244,203061,1,0,0,0,0,0,0,0,0,0,0,0,0,4,2,2025-11-11 06:09:19
13688,2025,UEFA.EUROPA,2290,203707,1,0,0,0,0,0,0,0,0,0,0,0,0,0,2,2025-11-11 06:09:19
13688,2025,UEFA.EUROPA,85,204014,1,1,0,0,0,0,0,0,0,0,0,0,0,0,0,2025-11-11 06:09:11
13688,2025,UEFA.EUROPA,104,204320,3,1,5,2,0,0,0,1,0,3,5,1,0,0,2,2025-11-11 06:09:09
13688,2025,UEFA.EUROPA,938,204329,4,0,4,6,0,0,0,0,1,0,2,0,0,0,4,2025-11-11 06:09:18
13688,2025,UEFA.EUROPA,362,204679,3,1,2,0,1,0,0,0,0,0,0,0,0,0,2,2025-11-11 06:09:10
13688,2025,UEFA.EUROPA,13018,205021,4,4,0,2,0,0,0,0,1,0,0,0,0,0,1,2025-11-11 06:09:15
13688,2025,UEFA.EUROPA,142,205024,4,3,6,4,1,0,0,0,3,3,4,1,0,0,4,2025-11-11 06:09:14
13688,2025,UEFA.EUROPA,524,205137,4,0,2,3,1,0,0,0,0,0,1,0,0,0,6,2025-11-11 06:09:16
13688,2025,UEFA.EUROPA,2722,205137,6,2,6,2,2,1,0,0,1,0,0,0,0,1,4,2025-08-31 05:05:27
13688,2025,UEFA.EUROPA,13018,205159,6,1,4,4,0,0,0,0,1,0,1,0,0,4,6,2025-08-31 05:05:21
13688,2025,UEFA.EUROPA,484,205279,4,3,7,3,1,0,0,0,0,1,3,0,0,0,3,2025-11-11 06:09:13
13688,2025,UEFA.EUROPA,622,205496,4,0,0,0,0,0,0,0,0,0,0,0,0,8,4,2025-11-11 06:09:14
13688,2025,UEFA.EUROPA,620,205582,0,0,0,0,0,0,0,0,0,0,0,0,0,0,0,2025-11-11 06:09:20
13688,2025,UEFA.EUROPA,142,205653,0,0,0,0,0,0,0,0,0,0,0,0,0,0,0,2025-11-11 06:09:14
13688,2025,UEFA.EUROPA,134,205750,4,0,0,2,0,0,0,1,0,0,0,0,0,12,4,2025-11-11 06:09:21
13688,2025,UEFA.EUROPA,2502,206153,4,1,0,1,0,0,0,0,1,0,2,0,0,0,7,2025-11-11 06:09:17
13688,2025,UEFA.EUROPA,605,206396,2,2,0,0,0,0,0,0,0,0,0,0,0,0,0,2025-11-11 06:09:17
13688,2025,UEFA.EUROPA,2290,206405,4,0,4,1,1,0,0,0,2,2,7,0,0,0,5,2025-11-11 06:09:19
13688,2025,UEFA.EUROPA,104,206587,0,0,0,0,0,0,0,0,0,0,0,0,0,0,0,2025-11-11 06:09:09
13688,2025,UEFA.EUROPA,622,206847,3,2,0,0,0,0,0,1,0,0,1,0,0,0,0,2025-11-11 06:09:14
13688,2025,UEFA.EUROPA,244,207343,4,0,3,8,0,0,0,0,0,2,2,1,0,0,2,2025-11-11 06:09:19
13688,2025,UEFA.EUROPA,2722,210140,3,0,2,2,1,0,0,0,0,1,2,1,0,0,8,2025-11-11 06:09:21
13688,2025,UEFA.EUROPA,436,211923,2,2,0,0,0,0,0,0,0,1,1,0,0,0,1,2025-11-11 06:09:13
13688,2025,UEFA.EUROPA,443,212250,1,1,0,0,0,0,0,0,1,0,0,0,0,0,0,2025-11-11 06:09:18
13688,2025,UEFA.EUROPA,104,212597,4,1,9,4,1,0,0,0,2,1,4,1,0,0,3,2025-11-11 06:09:09
13688,2025,UEFA.EUROPA,605,212928,2,0,0,1,0,0,0,0,0,0,0,0,0,9,3,2025-11-11 06:09:17
13688,2025,UEFA.EUROPA,2722,213101,4,1,2,4,2,0,0,0,0,2,4,1,0,0,7,2025-11-11 06:09:21
13688,2025,UEFA.EUROPA,167,213181,4,0,3,3,1,0,0,0,0,0,1,0,0,0,2,2025-11-11 06:09:15
13688,2025,UEFA.EUROPA,443,213207,4,1,2,0,1,0,0,0,0,3,9,0,0,0,5,2025-11-11 06:09:18
13688,2025,UEFA.EUROPA,393,213718,4,1,5,0,0,0,0,0,0,0,2,0,0,0,4,2025-11-11 06:09:17
13688,2025,UEFA.EUROPA,3746,214012,4,0,6,6,1,0,0,0,1,0,2,0,0,0,5,2025-11-11 06:09:20
13688,2025,UEFA.EUROPA,620,214177,3,0,2,2,1,0,0,0,0,0,2,0,0,0,2,2025-11-11 06:09:20
13688,2025,UEFA.EUROPA,126,214203,4,0,2,4,0,0,0,0,0,4,7,1,0,0,3,2025-11-11 06:09:20
13688,2025,UEFA.EUROPA,104,214319,0,0,0,0,0,0,0,0,0,0,0,0,0,0,0,2025-11-11 06:09:09
13688,2025,UEFA.EUROPA,362,214375,4,1,3,4,0,0,0,0,0,2,4,1,0,0,2,2025-11-11 06:09:10
13688,2025,UEFA.EUROPA,167,214402,4,2,3,0,1,0,0,0,0,0,2,0,0,0,2,2025-11-11 06:09:15
13688,2025,UEFA.EUROPA,2290,214433,4,0,3,1,1,0,0,0,1,1,3,0,0,0,2,2025-11-11 06:09:19
13688,2025,UEFA.EUROPA,443,214534,0,0,0,0,0,0,0,0,0,0,0,0,0,0,0,2025-11-11 06:09:18
13688,2025,UEFA.EUROPA,605,214548,3,0,4,2,1,0,0,1,0,1,3,0,0,0,3,2025-11-11 06:09:17
13688,2025,UEFA.EUROPA,2790,214635,4,0,4,2,0,0,0,0,0,1,3,0,0,0,6,2025-11-11 06:09:18
13688,2025,UEFA.EUROPA,167,214649,4,1,4,1,1,0,0,0,0,0,0,0,0,0,0,2025-11-11 06:09:15
13688,2025,UEFA.EUROPA,256,214794,4,0,1,3,0,0,0,0,0,1,2,0,0,0,6,2025-11-11 06:09:11
13688,2025,UEFA.EUROPA,85,214995,4,3,8,1,0,0,0,0,1,3,7,2,0,0,2,2025-11-11 06:09:11
13688,2025,UEFA.EUROPA,142,215172,4,3,4,1,0,0,0,0,1,2,2,0,0,0,3,2025-11-11 06:09:14
13688,2025,UEFA.EUROPA,2722,215358,2,2,1,0,0,0,0,0,0,1,3,1,0,0,0,2025-08-31 05:05:27
13688,2025,UEFA.EUROPA,484,215578,4,1,0,0,0,0,0,0,0,1,3,0,0,0,4,2025-11-11 06:09:13
13688,2025,UEFA.EUROPA,257,215790,3,2,1,0,0,0,0,0,0,0,0,0,0,0,2,2025-11-11 06:09:19
13688,2025,UEFA.EUROPA,134,216225,4,0,4,4,1,0,0,0,0,1,6,0,0,0,4,2025-11-11 06:09:21
13688,2025,UEFA.EUROPA,605,216355,4,1,4,0,0,0,0,1,1,2,5,0,0,0,6,2025-11-11 06:09:17
13688,2025,UEFA.EUROPA,572,216579,3,0,2,1,0,0,0,1,0,2,3,1,0,0,3,2025-11-11 06:09:12
13688,2025,UEFA.EUROPA,166,217381,4,0,3,3,1,0,0,1,1,0,3,0,0,0,6,2025-11-11 06:09:15
13688,2025,UEFA.EUROPA,393,217482,2,0,3,0,0,0,0,0,0,0,1,0,0,0,2,2025-11-11 06:09:17
13688,2025,UEFA.EUROPA,244,217588,3,2,0,1,0,0,0,0,0,0,3,0,0,0,0,2025-11-11 06:09:19
13688,2025,UEFA.EUROPA,13018,218407,2,0,0,0,0,0,0,0,0,0,0,0,0,0,4,2025-11-11 06:09:15
13688,2025,UEFA.EUROPA,3706,218424,4,0,3,0,0,0,0,1,0,0,2,0,0,0,5,2025-11-11 06:09:15
13688,2025,UEFA.EUROPA,2720,218450,3,0,1,2,0,0,0,0,0,0,2,0,0,0,3,2025-11-11 06:09:16
13688,2025,UEFA.EUROPA,3706,218529,4,0,2,5,0,0,0,0,3,3,3,1,0,0,5,2025-11-11 06:09:15
13688,2025,UEFA.EUROPA,443,218775,4,1,9,13,3,0,0,0,0,0,0,0,0,0,6,2025-11-11 06:09:18
13688,2025,UEFA.EUROPA,256,219270,2,2,2,1,2,0,0,0,0,0,0,0,0,0,1,2025-11-11 06:09:11
13688,2025,UEFA.EUROPA,256,219273,3,0,3,3,1,0,0,0,0,0,2,0,0,0,4,2025-11-11 06:09:11
13688,2025,UEFA.EUROPA,13018,219280,4,0,6,2,1,0,0,0,0,1,5,0,0,0,9,2025-11-11 06:09:15
13688,2025,UEFA.EUROPA,2994,219304,2,1,0,2,0,0,0,0,0,1,3,0,0,0,2,2025-11-11 06:09:10
13688,2025,UEFA.EUROPA,126,219316,3,0,5,1,2,0,0,0,0,0,1,0,0,0,2,2025-11-11 06:09:20
13688,2025,UEFA.EUROPA,938,219350,1,0,0,0,0,0,0,0,2,1,1,0,0,0,1,2025-11-11 06:09:18
13688,2025,UEFA.EUROPA,393,220467,0,0,0,0,0,0,0,0,0,0,0,0,0,0,0,2025-11-11 06:09:17
13688,2025,UEFA.EUROPA,484,220832,2,0,1,1,0,0,0,0,0,0,0,0,0,0,3,2025-11-11 06:09:13
13688,2025,UEFA.EUROPA,443,220851,4,0,5,5,1,0,0,0,3,5,12,3,0,0,4,2025-11-11 06:09:18
13688,2025,UEFA.EUROPA,443,220853,1,0,0,0,0,0,0,0,0,0,0,0,0,5,3,2025-11-11 06:09:18
13688,2025,UEFA.EUROPA,13018,221102,3,0,2,0,0,0,0,0,1,0,1,0,0,0,8,2025-11-11 06:09:15
13688,2025,UEFA.EUROPA,3746,221130,3,0,3,5,0,0,0,0,0,3,7,1,0,0,3,2025-11-11 06:09:20
13688,2025,UEFA.EUROPA,167,221278,4,0,0,0,0,0,0,0,0,0,0,0,0,14,2,2025-11-11 06:09:15
13688,2025,UEFA.EUROPA,85,221334,1,0,1,0,0,0,0,0,0,0,0,0,0,0,0,2025-11-11 06:09:11
13688,2025,UEFA.EUROPA,622,221715,3,0,3,3,1,0,0,0,0,0,1,0,0,0,3,2025-11-11 06:09:14
13688,2025,UEFA.EUROPA,437,221788,4,0,3,1,0,0,0,0,0,0,3,0,0,0,4,2025-11-11 06:09:12
13688,2025,UEFA.EUROPA,524,221813,4,1,1,6,0,0,0,0,1,3,7,0,0,0,6,2025-11-11 06:09:16
13688,2025,UEFA.EUROPA,167,222175,0,0,0,0,0,0,0,0,0,0,0,0,0,0,0,2025-11-11 06:09:15
13688,2025,UEFA.EUROPA,443,222212,3,1,4,2,1,0,0,0,0,0,1,0,0,0,2,2025-11-11 06:09:18
13688,2025,UEFA.EUROPA,2290,222318,2,2,0,1,0,0,0,0,0,0,0,0,0,0,1,2025-11-11 06:09:19
13688,2025,UEFA.EUROPA,104,222529,4,1,7,1,1,0,0,0,0,1,3,0,0,0,3,2025-11-11 06:09:09
13688,2025,UEFA.EUROPA,597,222580,0,0,0,0,0,0,0,0,0,0,0,0,0,0,0,2025-11-11 06:09:11
13688,2025,UEFA.EUROPA,2290,222595,2,0,1,2,0,0,0,0,0,0,2,0,0,0,2,2025-11-11 06:09:19
13688,2025,UEFA.EUROPA,436,222670,4,0,4,4,1,0,0,0,1,1,5,0,0,0,4,2025-11-11 06:09:13
13688,2025,UEFA.EUROPA,2722,222715,0,0,0,0,1,0,0,0,0,0,0,0,0,0,0,2025-11-11 06:09:21
13688,2025,UEFA.EUROPA,597,222933,1,1,0,0,0,0,0,0,0,0,0,0,0,0,0,2025-11-11 06:09:11
13688,2025,UEFA.EUROPA,153,223162,4,0,0,0,0,1,0,0,0,0,0,0,0,13,5,2025-11-11 06:09:13
13688,2025,UEFA.EUROPA,2722,223256,3,1,1,1,0,0,0,0,0,0,0,0,0,0,5,2025-11-11 06:09:21
13688,2025,UEFA.EUROPA,938,223337,4,0,5,6,1,0,0,0,0,0,1,0,0,0,4,2025-11-11 06:09:18
13688,2025,UEFA.EUROPA,437,223776,4,0,5,6,0,0,0,0,0,0,2,0,0,0,4,2025-11-11 06:09:12
13688,2025,UEFA.EUROPA,126,224246,0,0,0,0,0,0,0,0,0,0,0,0,0,0,0,2025-11-11 06:09:20
13688,2025,UEFA.EUROPA,256,224305,1,0,2,0,0,0,0,0,0,0,1,0,0,0,3,2025-11-11 06:09:11
13688,2025,UEFA.EUROPA,2790,224309,3,3,1,2,0,0,0,0,1,1,1,0,0,0,1,2025-11-11 06:09:18
13688,2025,UEFA.EUROPA,104,224809,1,1,1,0,0,0,0,0,0,0,2,0,0,0,0,2025-11-11 06:09:09
13688,2025,UEFA.EUROPA,484,225481,1,0,0,0,0,0,0,0,0,0,0,0,0,0,0,2025-11-11 06:09:13
13688,2025,UEFA.EUROPA,104,226177,3,0,4,0,1,0,0,1,0,1,3,0,0,0,2,2025-11-11 06:09:09
13688,2025,UEFA.EUROPA,104,226211,4,1,3,1,0,0,0,1,2,1,3,0,0,0,2,2025-11-11 06:09:09
13688,2025,UEFA.EUROPA,2722,226970,3,0,3,2,0,0,0,2,0,1,3,0,0,0,5,2025-11-11 06:09:21
13688,2025,UEFA.EUROPA,142,226979,0,0,0,0,0,0,0,0,0,0,0,0,0,0,0,2025-11-11 06:09:14
13688,2025,UEFA.EUROPA,443,227217,1,0,0,3,0,0,0,0,0,0,1,0,0,0,1,2025-11-11 06:09:18
13688,2025,UEFA.EUROPA,256,227283,0,0,0,0,0,0,0,0,0,0,0,0,0,0,0,2025-11-11 06:09:11
13688,2025,UEFA.EUROPA,107,227697,4,0,2,6,1,0,0,0,2,2,3,0,0,0,3,2025-11-11 06:09:10
13688,2025,UEFA.EUROPA,244,227714,4,3,1,0,0,0,0,0,0,1,3,0,0,0,0,2025-11-11 06:09:19
13688,2025,UEFA.EUROPA,107,228333,2,0,3,3,0,0,0,0,0,0,2,0,0,0,1,2025-11-11 06:09:10
13688,2025,UEFA.EUROPA,605,228334,2,2,0,0,0,0,0,0,0,0,0,0,0,0,0,2025-11-11 06:09:17
13688,2025,UEFA.EUROPA,597,228335,4,0,0,0,0,0,0,0,0,0,0,0,0,7,6,2025-11-11 06:09:11
13688,2025,UEFA.EUROPA,605,228342,4,3,4,0,0,0,0,1,0,1,3,0,0,0,2,2025-11-11 06:09:17
13688,2025,UEFA.EUROPA,256,228619,1,0,1,1,0,0,0,0,0,0,0,0,0,0,3,2025-11-11 06:09:11
13688,2025,UEFA.EUROPA,443,228628,2,2,1,0,0,0,0,0,0,0,0,0,0,0,1,2025-11-11 06:09:18
13688,2025,UEFA.EUROPA,11706,230665,3,3,1,0,0,0,0,0,0,0,0,0,0,0,0,2025-11-11 06:09:21
13688,2025,UEFA.EUROPA,436,230757,1,0,0,0,0,0,0,0,0,0,0,0,0,0,2,2025-11-11 06:09:13
13688,2025,UEFA.EUROPA,126,231190,4,1,4,7,0,0,0,0,0,2,4,0,0,0,1,2025-11-11 06:09:20
13688,2025,UEFA.EUROPA,443,231282,3,0,0,0,0,0,0,0,0,0,0,0,0,7,3,2025-11-11 06:09:18
13688,2025,UEFA.EUROPA,362,231859,3,0,4,7,0,0,0,0,0,0,1,0,0,0,0,2025-11-11 06:09:10
13688,2025,UEFA.EUROPA,2502,232089,3,1,4,3,0,1,0,0,1,0,1,0,0,0,3,2025-11-11 06:09:17
13688,2025,UEFA.EUROPA,2722,232492,2,1,0,3,1,0,0,0,0,0,1,0,0,0,1,2025-08-31 05:05:27
13688,2025,UEFA.EUROPA,393,233241,1,0,0,0,0,0,0,0,0,0,0,0,0,2,0,2025-11-11 06:09:17
13688,2025,UEFA.EUROPA,2722,234153,2,0,3,0,0,0,0,0,0,1,1,0,0,0,3,2025-08-31 05:05:27
13688,2025,UEFA.EUROPA,107,234426,4,2,1,4,0,0,0,0,4,2,6,1,0,0,2,2025-11-11 06:09:10
13688,2025,UEFA.EUROPA,362,234698,3,1,3,4,1,0,0,0,0,0,1,0,0,0,0,2025-11-11 06:09:10
13688,2025,UEFA.EUROPA,620,234970,4,0,0,1,1,0,0,0,0,0,0,0,0,9,2,2025-11-11 06:09:20
13688,2025,UEFA.EUROPA,620,234989,3,2,6,1,1,0,0,0,1,0,1,0,0,0,1,2025-11-11 06:09:20
13688,2025,UEFA.EUROPA,2290,235813,4,1,8,2,0,0,0,0,0,0,3,0,0,0,4,2025-11-11 06:09:19
13688,2025,UEFA.EUROPA,13018,238255,2,1,5,4,0,0,0,1,0,0,7,0,0,0,4,2025-11-11 06:09:15
13688,2025,UEFA.EUROPA,107,238407,4,1,8,7,1,0,0,0,0,5,12,1,0,0,3,2025-11-11 06:09:10
13688,2025,UEFA.EUROPA,393,238472,3,0,10,16,0,0,0,0,1,1,6,0,0,0,5,2025-11-11 06:09:17
13688,2025,UEFA.EUROPA,2722,238502,4,2,3,0,1,0,0,0,0,1,6,1,0,0,8,2025-11-11 06:09:21
13688,2025,UEFA.EUROPA,126,238525,2,2,2,2,0,0,0,0,0,0,0,0,0,0,0,2025-11-11 06:09:20
13688,2025,UEFA.EUROPA,257,238712,3,1,2,2,1,0,0,0,0,3,4,0,0,0,4,2025-11-11 06:09:19
13688,2025,UEFA.EUROPA,938,238771,4,0,1,0,0,0,0,0,0,0,0,0,0,11,4,2025-11-11 06:09:18
13688,2025,UEFA.EUROPA,104,238798,4,0,0,0,0,0,0,0,0,0,0,0,0,7,4,2025-11-11 06:09:09
13688,2025,UEFA.EUROPA,142,238878,1,1,0,0,0,0,0,0,0,0,0,0,0,0,1,2025-11-11 06:09:14
13688,2025,UEFA.EUROPA,437,238903,4,0,0,0,0,0,0,0,0,0,0,0,0,7,4,2025-11-11 06:09:12
13688,2025,UEFA.EUROPA,393,238990,4,0,5,2,0,0,0,0,0,1,2,0,0,0,5,2025-11-11 06:09:17
13688,2025,UEFA.EUROPA,572,239004,4,0,6,2,0,0,0,1,0,2,3,1,0,0,3,2025-11-11 06:09:12
13688,2025,UEFA.EUROPA,2290,239030,0,0,0,0,0,0,0,0,0,0,0,0,0,0,0,2025-11-11 06:09:19
13688,2025,UEFA.EUROPA,257,239312,0,0,0,0,0,0,0,0,0,0,0,0,0,0,0,2025-11-11 06:09:19
13688,2025,UEFA.EUROPA,443,239467,4,0,3,1,1,0,0,1,0,1,2,0,0,0,4,2025-11-11 06:09:18
13688,2025,UEFA.EUROPA,605,239525,4,1,6,3,2,0,0,0,2,3,7,2,0,0,4,2025-11-11 06:09:17
13688,2025,UEFA.EUROPA,13018,239533,6,2,2,5,0,0,0,0,0,3,7,1,0,0,7,2025-08-31 05:05:21
13688,2025,UEFA.EUROPA,484,239767,2,0,0,0,0,0,0,0,0,1,2,0,0,0,3,2025-11-11 06:09:13
13688,2025,UEFA.EUROPA,484,239834,2,0,4,3,0,0,0,0,0,0,3,0,0,0,2,2025-11-11 06:09:13
13688,2025,UEFA.EUROPA,484,239870,4,1,13,21,2,0,0,0,0,6,8,1,0,0,4,2025-11-11 06:09:13
13688,2025,UEFA.EUROPA,153,240351,4,0,4,0,1,0,0,0,0,1,4,0,0,0,5,2025-11-11 06:09:13
13688,2025,UEFA.EUROPA,938,240519,2,1,3,1,0,0,0,1,0,1,2,1,0,0,2,2025-11-11 06:09:18
13688,2025,UEFA.EUROPA,2502,240672,0,0,0,0,0,0,0,0,0,0,0,0,0,0,0,2025-11-11 06:09:17
13688,2025,UEFA.EUROPA,142,240911,4,0,5,5,1,0,0,1,0,3,4,0,0,0,6,2025-11-11 06:09:14
13688,2025,UEFA.EUROPA,2502,241029,4,0,0,0,0,0,0,0,0,0,0,0,0,13,9,2025-11-11 06:09:17
13688,2025,UEFA.EUROPA,393,241253,3,2,2,3,1,0,0,0,0,1,2,0,0,0,1,2025-11-11 06:09:17
13688,2025,UEFA.EUROPA,436,241627,3,1,1,4,2,0,0,0,0,0,1,0,0,0,0,2025-11-11 06:09:13
13688,2025,UEFA.EUROPA,134,241742,2,1,2,0,0,0,0,0,0,0,1,0,0,0,2,2025-11-11 06:09:21
13688,2025,UEFA.EUROPA,436,241797,0,0,0,0,0,0,0,0,0,0,0,0,0,0,0,2025-11-11 06:09:13
13688,2025,UEFA.EUROPA,244,242008,3,1,2,1,0,0,0,2,0,0,3,0,0,0,0,2025-11-11 06:09:19
13688,2025,UEFA.EUROPA,85,242383,3,0,2,1,0,0,0,0,0,1,1,0,0,0,3,2025-11-11 06:09:11
13688,2025,UEFA.EUROPA,85,242580,1,0,0,0,0,0,0,0,0,0,0,0,0,5,0,2025-11-11 06:09:11
13688,2025,UEFA.EUROPA,104,242593,4,1,6,3,1,0,0,0,0,2,3,1,0,0,2,2025-11-11 06:09:09
13688,2025,UEFA.EUROPA,436,242736,4,0,2,3,0,0,0,0,2,2,8,0,0,0,4,2025-11-11 06:09:13
13688,2025,UEFA.EUROPA,393,243396,4,0,4,2,2,0,0,2,0,4,7,1,0,0,5,2025-11-11 06:09:17
13688,2025,UEFA.EUROPA,524,243560,2,0,5,2,1,0,0,0,0,0,1,0,0,0,3,2025-11-11 06:09:16
13688,2025,UEFA.EUROPA,257,243725,2,1,0,0,0,0,0,0,1,0,0,0,0,0,2,2025-11-11 06:09:19
13688,2025,UEFA.EUROPA,436,243844,4,2,2,3,0,0,0,0,1,3,4,1,0,0,2,2025-11-11 06:09:13
13688,2025,UEFA.EUROPA,620,243863,4,0,5,3,0,0,0,0,0,1,2,1,0,0,2,2025-11-11 06:09:20
13688,2025,UEFA.EUROPA,597,245538,4,3,0,1,0,0,0,1,1,1,2,0,0,0,3,2025-11-11 06:09:11
13688,2025,UEFA.EUROPA,107,245626,0,0,0,0,0,0,0,0,0,0,0,0,0,0,0,2025-11-11 06:09:10
13688,2025,UEFA.EUROPA,142,245857,4,0,5,2,1,0,0,0,0,1,1,0,0,0,6,2025-11-11 06:09:14
13688,2025,UEFA.EUROPA,13018,246442,3,0,4,2,0,0,0,0,0,0,2,0,0,0,6,2025-11-11 06:09:15
13688,2025,UEFA.EUROPA,622,246666,4,1,7,3,1,0,0,0,0,6,6,2,0,0,3,2025-11-11 06:09:14
13688,2025,UEFA.EUROPA,524,246798,3,2,4,2,0,0,0,0,0,2,4,0,0,0,1,2025-11-11 06:09:16
13688,2025,UEFA.EUROPA,443,246847,4,0,2,3,1,0,0,0,1,2,4,0,0,0,6,2025-11-11 06:09:18
13688,2025,UEFA.EUROPA,2290,246965,1,1,0,0,0,0,0,0,0,0,0,0,0,0,1,2025-11-11 06:09:19
13688,2025,UEFA.EUROPA,3746,248673,4,1,4,5,0,0,0,0,1,0,1,0,0,0,5,2025-11-11 06:09:20
13688,2025,UEFA.EUROPA,2722,248681,1,0,0,0,0,0,0,0,0,1,1,1,0,0,1,2025-08-31 05:05:27
13688,2025,UEFA.EUROPA,3746,249668,3,0,0,1,0,0,1,0,0,0,0,0,0,15,3,2025-11-11 06:09:20
13688,2025,UEFA.EUROPA,107,250284,3,0,2,3,0,0,0,0,2,1,5,0,0,0,2,2025-11-11 06:09:10
13688,2025,UEFA.EUROPA,153,250528,2,1,2,1,0,0,0,0,0,0,0,0,0,0,0,2025-11-11 06:09:13
13688,2025,UEFA.EUROPA,107,250707,0,0,0,0,0,0,0,0,0,0,0,0,0,0,0,2025-11-11 06:09:10
13688,2025,UEFA.EUROPA,166,250853,2,2,1,0,1,0,0,0,0,0,0,0,0,0,0,2025-11-11 06:09:15
13688,2025,UEFA.EUROPA,13018,250887,4,1,1,4,1,0,1,0,0,1,5,1,0,0,6,2025-11-11 06:09:15
13688,2025,UEFA.EUROPA,2994,250906,2,1,0,2,0,0,0,0,0,0,1,0,0,0,0,2025-11-11 06:09:10
13688,2025,UEFA.EUROPA,362,250936,4,2,3,5,0,0,0,1,0,0,0,0,0,0,0,2025-11-11 06:09:10
13688,2025,UEFA.EUROPA,362,251100,4,0,5,1,0,0,0,0,0,0,0,0,0,0,2,2025-11-11 06:09:10
13688,2025,UEFA.EUROPA,620,251618,2,0,2,3,0,0,0,1,0,1,1,0,0,0,2,2025-11-11 06:09:20
13688,2025,UEFA.EUROPA,605,251776,3,1,3,4,0,0,0,0,0,1,1,1,0,0,5,2025-11-11 06:09:17
13688,2025,UEFA.EUROPA,153,251979,4,2,5,2,0,0,0,0,3,0,3,0,0,0,2,2025-11-11 06:09:13
13688,2025,UEFA.EUROPA,134,252323,1,1,0,0,0,0,0,0,0,1,1,0,0,0,1,2025-11-11 06:09:21
13688,2025,UEFA.EUROPA,572,252544,0,0,0,0,0,0,0,0,0,0,0,0,0,0,0,2025-11-11 06:09:12
13688,2025,UEFA.EUROPA,13018,253015,3,0,3,5,1,0,0,0,0,0,1,0,0,0,5,2025-11-11 06:09:15
13688,2025,UEFA.EUROPA,622,253991,3,1,4,4,1,0,0,1,1,1,4,1,0,0,2,2025-11-11 06:09:14
13688,2025,UEFA.EUROPA,393,254118,1,0,0,1,0,0,0,0,1,0,2,0,0,0,0,2025-11-11 06:09:17
13688,2025,UEFA.EUROPA,13018,254580,4,2,3,1,1,0,0,0,0,0,1,0,0,0,8,2025-11-11 06:09:15
13688,2025,UEFA.EUROPA,2720,255228,0,0,0,0,0,0,0,0,0,0,0,0,0,0,0,2025-11-11 06:09:16
13688,2025,UEFA.EUROPA,2994,255249,1,0,0,1,0,0,0,0,0,0,0,0,0,0,0,2025-11-11 06:09:10
13688,2025,UEFA.EUROPA,3706,255740,4,0,0,1,1,0,0,0,0,0,0,0,0,25,5,2025-11-11 06:09:15
13688,2025,UEFA.EUROPA,166,255780,0,0,0,0,0,0,0,0,0,0,0,0,0,0,0,2025-11-11 06:09:15
13688,2025,UEFA.EUROPA,572,256646,1,1,0,1,0,0,0,0,0,0,0,0,0,0,0,2025-11-11 06:09:12
13688,2025,UEFA.EUROPA,437,256909,4,1,1,3,1,0,0,1,0,1,2,0,0,0,3,2025-11-11 06:09:12
13688,2025,UEFA.EUROPA,2290,257000,4,4,1,4,0,0,0,0,0,1,3,0,0,0,3,2025-11-11 06:09:19
13688,2025,UEFA.EUROPA,11706,257081,4,0,0,0,0,0,0,1,0,0,0,0,0,13,2,2025-11-11 06:09:21
13688,2025,UEFA.EUROPA,166,257267,4,0,1,0,2,0,0,0,0,0,0,0,0,12,6,2025-11-11 06:09:15
13688,2025,UEFA.EUROPA,443,257705,3,1,3,1,0,0,0,0,0,2,4,0,0,0,4,2025-11-11 06:09:18
13688,2025,UEFA.EUROPA,3706,258453,4,0,2,6,0,0,0,0,0,1,4,0,0,0,5,2025-11-11 06:09:15
13688,2025,UEFA.EUROPA,134,258870,1,1,0,0,0,0,0,0,0,0,0,0,0,0,0,2025-11-11 06:09:21
13688,2025,UEFA.EUROPA,134,258909,2,0,5,3,2,0,0,0,0,0,0,0,0,0,1,2025-11-11 06:09:21
13688,2025,UEFA.EUROPA,256,259208,0,0,0,0,0,0,0,0,0,0,0,0,0,0,0,2025-11-11 06:09:11
13688,2025,UEFA.EUROPA,362,259481,4,2,1,2,0,0,0,0,1,5,8,1,0,0,0,2025-11-11 06:09:10
13688,2025,UEFA.EUROPA,597,259512,0,0,0,0,0,0,0,0,0,0,0,0,0,0,0,2025-11-11 06:09:11
13688,2025,UEFA.EUROPA,572,259691,3,1,4,5,1,0,0,0,2,1,2,0,0,0,2,2025-11-11 06:09:12
13688,2025,UEFA.EUROPA,362,259836,3,1,4,2,0,0,0,0,0,1,3,0,0,0,2,2025-11-11 06:09:10
13688,2025,UEFA.EUROPA,134,259878,1,1,1,0,0,0,0,0,0,0,0,0,0,0,0,2025-11-11 06:09:21
13688,2025,UEFA.EUROPA,989,259903,3,3,1,0,0,0,0,0,0,0,0,0,0,0,1,2025-11-11 06:09:12
13688,2025,UEFA.EUROPA,2790,260005,3,0,0,1,0,0,0,1,1,2,3,1,0,0,3,2025-11-11 06:09:18
13688,2025,UEFA.EUROPA,257,260027,4,0,4,3,0,0,0,1,0,0,6,0,0,0,8,2025-11-11 06:09:19
13688,2025,UEFA.EUROPA,11706,260751,2,2,0,0,1,0,0,0,0,0,0,0,0,0,0,2025-11-11 06:09:21
13688,2025,UEFA.EUROPA,572,260843,4,0,0,1,0,0,0,0,0,0,0,0,0,16,3,2025-11-11 06:09:12
13688,2025,UEFA.EUROPA,484,261006,4,0,5,4,0,0,0,0,0,1,1,0,0,0,7,2025-11-11 06:09:13
13688,2025,UEFA.EUROPA,393,261419,3,0,0,4,0,0,0,0,2,3,9,0,0,0,4,2025-11-11 06:09:17
13688,2025,UEFA.EUROPA,3706,261584,0,0,0,0,0,0,0,0,0,0,0,0,0,0,0,2025-11-11 06:09:15
13688,2025,UEFA.EUROPA,107,261616,2,2,0,1,1,0,0,0,0,0,0,0,0,0,0,2025-11-11 06:09:10
13688,2025,UEFA.EUROPA,605,262070,2,0,0,0,1,0,0,0,0,0,0,0,0,9,3,2025-11-11 06:09:17
13688,2025,UEFA.EUROPA,597,262862,4,0,1,0,0,0,0,0,1,2,4,2,0,0,6,2025-11-11 06:09:11
13688,2025,UEFA.EUROPA,2502,265234,4,2,0,6,0,0,0,0,0,1,4,0,0,0,4,2025-11-11 06:09:17
13688,2025,UEFA.EUROPA,362,265653,4,1,3,7,1,0,0,1,1,2,6,0,0,0,0,2025-11-11 06:09:10
13688,2025,UEFA.EUROPA,2502,265923,4,0,7,12,1,0,0,0,0,0,1,0,0,0,9,2025-11-11 06:09:17
13688,2025,UEFA.EUROPA,3746,265927,4,0,3,5,1,0,0,1,3,1,3,0,0,0,2,2025-11-11 06:09:20
13688,2025,UEFA.EUROPA,2994,265984,4,1,4,7,1,0,0,0,0,0,1,0,0,0,4,2025-11-11 06:09:10
13688,2025,UEFA.EUROPA,938,265996,4,0,3,0,1,0,0,0,0,0,2,0,0,0,4,2025-11-11 06:09:18
13688,2025,UEFA.EUROPA,436,266002,0,0,0,0,0,0,0,0,0,0,0,0,0,0,0,2025-11-11 06:09:13
13688,2025,UEFA.EUROPA,2290,266070,4,0,5,4,2,0,0,0,1,1,3,0,0,0,4,2025-11-11 06:09:19
13688,2025,UEFA.EUROPA,107,266280,4,3,3,0,0,0,0,1,0,3,4,1,0,0,1,2025-11-11 06:09:10
13688,2025,UEFA.EUROPA,13018,266699,0,0,0,0,0,0,0,0,0,0,0,0,0,0,0,2025-11-11 06:09:15
13688,2025,UEFA.EUROPA,134,266839,3,2,3,1,0,0,0,0,0,0,0,0,0,0,1,2025-11-11 06:09:21
13688,2025,UEFA.EUROPA,244,268601,3,0,4,0,2,0,0,0,0,0,0,0,0,0,0,2025-11-11 06:09:19
13688,2025,UEFA.EUROPA,484,268690,4,0,1,1,0,1,0,0,0,0,0,0,0,21,4,2025-11-11 06:09:13
13688,2025,UEFA.EUROPA,134,268951,4,4,0,0,0,0,0,1,0,0,1,0,0,0,2,2025-11-11 06:09:21
13688,2025,UEFA.EUROPA,134,269136,2,0,3,1,1,0,0,0,2,1,4,0,0,0,3,2025-11-11 06:09:21
13688,2025,UEFA.EUROPA,244,269655,2,0,5,1,1,0,0,0,0,0,1,0,0,0,2,2025-11-11 06:09:19
13688,2025,UEFA.EUROPA,605,270072,0,0,0,0,0,0,0,0,0,0,0,0,0,0,0,2025-11-11 06:09:17
13688,2025,UEFA.EUROPA,437,270505,2,0,1,4,0,0,0,0,0,0,0,0,0,0,2,2025-11-11 06:09:12
13688,2025,UEFA.EUROPA,3746,270540,4,0,7,6,1,0,0,0,0,0,0,0,0,0,5,2025-11-11 06:09:20
13688,2025,UEFA.EUROPA,3706,271858,3,1,3,3,0,0,0,0,0,0,1,0,0,0,2,2025-11-11 06:09:15
13688,2025,UEFA.EUROPA,104,271873,4,0,5,2,1,0,0,0,0,0,1,0,0,0,4,2025-11-11 06:09:09
13688,2025,UEFA.EUROPA,257,272224,3,3,0,0,0,0,0,0,0,2,3,0,0,0,1,2025-11-11 06:09:19
13688,2025,UEFA.EUROPA,3706,272716,3,1,4,0,0,0,0,0,0,0,0,0,0,0,2,2025-11-11 06:09:15
13688,2025,UEFA.EUROPA,107,272867,2,0,1,0,1,0,0,0,0,0,3,0,0,0,0,2025-11-11 06:09:10
13688,2025,UEFA.EUROPA,134,273300,2,1,6,5,1,0,0,0,0,2,5,1,0,0,0,2025-11-11 06:09:21
13688,2025,UEFA.EUROPA,2722,273303,0,0,0,0,0,0,0,0,0,0,0,0,0,0,0,2025-08-31 05:05:27
13688,2025,UEFA.EUROPA,597,273424,2,2,0,1,0,0,0,0,0,0,0,0,0,0,0,2025-11-11 06:09:11
13688,2025,UEFA.EUROPA,989,274027,1,0,3,0,0,0,0,0,0,0,1,0,0,0,1,2025-11-11 06:09:12
13688,2025,UEFA.EUROPA,620,274042,4,1,2,1,0,0,0,0,0,1,2,0,0,0,1,2025-11-11 06:09:20
13688,2025,UEFA.EUROPA,142,274277,3,0,3,5,0,0,0,0,1,2,7,0,0,0,5,2025-11-11 06:09:14
13688,2025,UEFA.EUROPA,437,274289,2,1,1,1,1,0,0,0,0,0,0,0,0,0,1,2025-11-11 06:09:12
13688,2025,UEFA.EUROPA,11706,274358,4,0,7,3,2,0,0,0,0,0,0,0,0,0,2,2025-11-11 06:09:21
13688,2025,UEFA.EUROPA,256,274522,4,0,4,7,0,0,0,1,0,5,10,1,0,0,6,2025-11-11 06:09:11
13688,2025,UEFA.EUROPA,597,274816,4,0,2,7,0,0,0,1,2,2,6,0,0,0,6,2025-11-11 06:09:11
13688,2025,UEFA.EUROPA,3746,274906,4,0,4,1,1,0,0,0,0,0,0,0,0,0,5,2025-11-11 06:09:20
13688,2025,UEFA.EUROPA,436,275128,0,0,0,0,0,0,0,0,0,0,0,0,0,0,0,2025-11-11 06:09:13
13688,2025,UEFA.EUROPA,393,275842,4,2,4,3,0,0,0,0,0,2,3,1,0,0,4,2025-11-11 06:09:17
13688,2025,UEFA.EUROPA,938,276177,0,0,0,0,0,0,0,0,0,0,0,0,0,0,0,2025-11-11 06:09:18
13688,2025,UEFA.EUROPA,2502,276260,4,1,3,2,1,0,0,1,0,2,2,0,0,0,8,2025-11-11 06:09:17
13688,2025,UEFA.EUROPA,13018,276267,6,1,5,8,2,0,0,0,1,1,8,0,0,1,7,2025-08-31 05:05:21
13688,2025,UEFA.EUROPA,142,276279,4,2,6,2,0,0,0,0,0,0,1,0,0,0,5,2025-11-11 06:09:14
13688,2025,UEFA.EUROPA,484,276449,3,1,4,1,0,0,0,0,1,0,0,0,0,0,3,2025-11-11 06:09:13
13688,2025,UEFA.EUROPA,85,276546,3,1,3,3,1,0,0,1,0,0,2,0,0,0,3,2025-11-11 06:09:11
13688,2025,UEFA.EUROPA,107,276654,1,1,0,0,0,0,0,0,0,0,0,0,0,0,0,2025-11-11 06:09:10
13688,2025,UEFA.EUROPA,2502,276995,3,2,1,2,0,0,0,0,0,0,1,0,0,0,3,2025-11-11 06:09:17
13688,2025,UEFA.EUROPA,620,277007,3,1,1,5,0,0,0,1,0,1,5,1,0,0,1,2025-11-11 06:09:20
13688,2025,UEFA.EUROPA,142,277106,3,0,7,3,2,0,0,0,3,2,8,0,0,0,3,2025-11-11 06:09:14
13688,2025,UEFA.EUROPA,153,277870,4,2,1,3,1,0,0,0,0,0,0,0,0,0,1,2025-11-11 06:09:13
13688,2025,UEFA.EUROPA,153,278644,1,1,0,0,0,0,0,0,0,0,0,0,0,0,0,2025-11-11 06:09:13
13688,2025,UEFA.EUROPA,605,278779,2,0,1,2,1,0,0,0,0,0,2,0,0,0,3,2025-11-11 06:09:17
13688,2025,UEFA.EUROPA,2720,279135,3,0,2,2,1,0,0,0,0,0,0,0,0,0,6,2025-11-11 06:09:16
13688,2025,UEFA.EUROPA,85,279904,3,2,0,2,0,0,0,0,0,1,2,0,0,0,1,2025-11-11 06:09:11
13688,2025,UEFA.EUROPA,142,280061,2,0,3,1,0,0,0,0,0,0,2,0,0,0,1,2025-11-11 06:09:14
13688,2025,UEFA.EUROPA,524,280254,1,1,0,0,0,0,0,0,0,0,0,0,0,0,0,2025-11-11 06:09:16
13688,2025,UEFA.EUROPA,362,280806,1,1,0,1,0,0,0,0,0,0,0,0,0,0,0,2025-11-11 06:09:10
13688,2025,UEFA.EUROPA,11706,280890,2,0,1,1,1,0,0,0,0,0,2,0,0,0,0,2025-11-11 06:09:21
13688,2025,UEFA.EUROPA,362,281125,4,0,1,6,0,0,0,0,1,2,6,1,0,0,2,2025-11-11 06:09:10
13688,2025,UEFA.EUROPA,244,281558,3,0,3,9,1,0,0,1,0,3,9,2,0,0,2,2025-11-11 06:09:19
13688,2025,UEFA.EUROPA,142,282230,2,0,8,5,1,0,0,0,0,0,0,0,0,0,2,2025-11-11 06:09:14
13688,2025,UEFA.EUROPA,938,282482,4,2,3,3,0,0,0,0,0,1,2,0,0,0,1,2025-11-11 06:09:18
13688,2025,UEFA.EUROPA,484,282576,3,3,2,1,1,0,0,0,0,1,3,0,0,0,1,2025-11-11 06:09:13
13688,2025,UEFA.EUROPA,2502,282597,1,1,2,0,0,0,0,0,0,0,0,0,0,0,0,2025-11-11 06:09:17
13688,2025,UEFA.EUROPA,605,282681,1,0,0,1,0,0,0,0,0,0,0,0,0,0,3,2025-11-11 06:09:17
13688,2025,UEFA.EUROPA,166,283626,3,0,3,3,0,0,0,0,0,2,4,0,0,0,5,2025-11-11 06:09:15
13688,2025,UEFA.EUROPA,244,283892,3,0,0,0,0,0,0,0,0,0,0,0,0,5,0,2025-11-11 06:09:19
13688,2025,UEFA.EUROPA,2722,284592,2,1,5,1,0,0,0,0,0,0,1,0,0,0,2,2025-08-31 05:05:27
13688,2025,UEFA.EUROPA,167,284854,4,0,4,0,0,0,0,0,1,2,10,1,0,0,2,2025-11-11 06:09:15
13688,2025,UEFA.EUROPA,3706,285014,4,1,4,3,0,0,0,0,2,1,1,0,0,0,3,2025-11-11 06:09:15
13688,2025,UEFA.EUROPA,167,285088,2,0,6,0,1,0,0,0,0,0,2,0,0,0,2,2025-11-11 06:09:15
13688,2025,UEFA.EUROPA,104,285226,4,2,4,1,1,0,0,0,0,0,6,0,0,0,2,2025-11-11 06:09:09
13688,2025,UEFA.EUROPA,2994,285434,3,2,0,0,0,0,0,0,2,3,6,3,0,0,2,2025-11-11 06:09:10
13688,2025,UEFA.EUROPA,153,285470,0,0,0,0,0,0,0,0,0,0,0,0,0,0,0,2025-11-11 06:09:13
13688,2025,UEFA.EUROPA,436,285629,2,2,3,1,2,0,0,0,1,2,3,0,0,0,0,2025-11-11 06:09:13
13688,2025,UEFA.EUROPA,620,285881,4,3,5,1,2,0,0,0,0,0,0,0,0,0,0,2025-11-11 06:09:20
13688,2025,UEFA.EUROPA,257,285974,3,1,2,0,0,0,0,0,1,0,0,0,0,0,5,2025-11-11 06:09:19
13688,2025,UEFA.EUROPA,989,286120,4,0,11,2,1,0,0,1,0,4,10,0,0,0,5,2025-11-11 06:09:12
13688,2025,UEFA.EUROPA,256,286347,3,1,4,1,1,0,0,0,2,0,0,0,0,0,1,2025-11-11 06:09:11
13688,2025,UEFA.EUROPA,2720,286434,2,1,4,0,0,1,0,0,0,1,1,1,0,0,1,2025-11-11 06:09:16
13688,2025,UEFA.EUROPA,3706,286808,1,1,0,0,0,0,0,0,0,0,0,0,0,0,1,2025-11-11 06:09:15
13688,2025,UEFA.EUROPA,107,286814,4,2,3,4,1,0,0,0,2,1,2,0,0,0,1,2025-11-11 06:09:10
13688,2025,UEFA.EUROPA,524,286957,0,0,0,0,0,0,0,0,0,0,0,0,0,0,0,2025-11-11 06:09:16
13688,2025,UEFA.EUROPA,2722,287077,2,2,0,1,0,0,0,0,0,0,1,0,0,0,2,2025-11-11 06:09:21
13688,2025,UEFA.EUROPA,2502,287078,2,1,1,2,0,0,0,0,0,0,3,0,0,0,2,2025-11-11 06:09:17
13688,2025,UEFA.EUROPA,620,287240,4,0,3,1,0,0,0,0,0,1,3,0,0,0,2,2025-11-11 06:09:20
13688,2025,UEFA.EUROPA,2994,287494,4,1,4,9,0,0,0,0,1,3,11,2,0,0,4,2025-11-11 06:09:10
13688,2025,UEFA.EUROPA,443,287664,4,0,2,4,1,0,0,2,1,4,16,0,0,0,5,2025-11-11 06:09:18
13688,2025,UEFA.EUROPA,107,287790,4,1,5,17,1,0,0,0,2,1,5,0,0,0,3,2025-11-11 06:09:10
13688,2025,UEFA.EUROPA,393,287869,3,0,4,4,3,0,0,0,0,5,11,3,0,0,3,2025-11-11 06:09:17
13688,2025,UEFA.EUROPA,938,288476,3,2,1,2,0,0,0,0,0,1,1,1,0,0,1,2025-11-11 06:09:18
13688,2025,UEFA.EUROPA,257,288579,0,0,0,0,0,0,0,0,0,0,0,0,0,0,0,2025-11-11 06:09:19
13688,2025,UEFA.EUROPA,620,288688,1,0,0,0,0,0,0,0,0,0,0,0,0,0,0,2025-11-11 06:09:20
13688,2025,UEFA.EUROPA,256,288891,4,2,3,3,0,0,0,0,0,1,2,1,0,0,3,2025-11-11 06:09:11
13688,2025,UEFA.EUROPA,166,288900,4,1,0,5,0,0,0,0,0,0,1,0,0,0,3,2025-11-11 06:09:15
13688,2025,UEFA.EUROPA,989,288920,3,2,0,2,0,0,0,0,0,0,0,0,0,0,1,2025-11-11 06:09:12
13688,2025,UEFA.EUROPA,362,288924,4,0,6,5,0,0,0,0,0,4,5,1,0,0,2,2025-11-11 06:09:10
13688,2025,UEFA.EUROPA,2722,288932,4,0,9,7,0,1,0,0,0,4,6,0,0,0,4,2025-11-11 06:09:21
13688,2025,UEFA.EUROPA,256,288959,4,0,7,2,2,0,0,0,0,1,3,1,0,0,7,2025-11-11 06:09:11
13688,2025,UEFA.EUROPA,134,289322,4,1,6,4,0,0,0,0,0,1,2,0,0,0,4,2025-11-11 06:09:21
13688,2025,UEFA.EUROPA,437,289513,4,1,2,2,0,0,0,0,0,0,2,0,0,0,3,2025-11-11 06:09:12
13688,2025,UEFA.EUROPA,104,289645,3,2,5,2,0,0,0,0,1,0,3,0,0,0,2,2025-11-11 06:09:09
13688,2025,UEFA.EUROPA,989,289745,4,2,2,4,0,0,0,0,0,2,5,1,0,0,1,2025-11-11 06:09:12
13688,2025,UEFA.EUROPA,2502,289769,2,2,3,0,0,0,0,0,0,3,4,1,0,0,0,2025-11-11 06:09:17
13688,2025,UEFA.EUROPA,3746,289798,4,0,6,4,0,0,0,1,0,7,14,2,0,0,5,2025-11-11 06:09:20
13688,2025,UEFA.EUROPA,2502,290081,3,1,2,2,0,0,0,0,0,0,2,0,0,0,6,2025-11-11 06:09:17
13688,2025,UEFA.EUROPA,572,290083,0,0,0,0,0,0,0,0,0,0,0,0,0,0,0,2025-11-11 06:09:12
13688,2025,UEFA.EUROPA,13018,290126,4,1,0,0,0,0,0,0,1,2,2,0,0,0,7,2025-11-11 06:09:15
13688,2025,UEFA.EUROPA,2722,290139,3,0,2,2,0,0,0,1,2,2,6,0,0,0,5,2025-11-11 06:09:21
13688,2025,UEFA.EUROPA,13018,290206,2,2,0,1,0,0,0,0,0,1,1,1,0,0,1,2025-11-11 06:09:15
13688,2025,UEFA.EUROPA,134,290232,4,0,5,11,1,0,0,1,0,0,2,0,0,0,4,2025-11-11 06:09:21
13688,2025,UEFA.EUROPA,2790,290401,1,0,1,0,0,0,0,0,0,1,1,0,0,0,0,2025-11-11 06:09:18
13688,2025,UEFA.EUROPA,11706,290630,4,1,3,4,0,0,0,0,0,1,2,0,0,0,1,2025-11-11 06:09:21
13688,2025,UEFA.EUROPA,134,290811,4,2,4,3,0,0,0,0,0,1,12,0,0,0,1,2025-11-11 06:09:21
13688,2025,UEFA.EUROPA,126,291203,2,0,2,4,0,0,0,0,0,1,3,1,0,0,2,2025-11-11 06:09:20
13688,2025,UEFA.EUROPA,257,291455,4,2,8,3,0,0,0,0,0,0,2,0,0,0,5,2025-11-11 06:09:19
13688,2025,UEFA.EUROPA,256,291504,1,1,0,0,0,0,0,0,0,0,0,0,0,0,1,2025-11-11 06:09:11
13688,2025,UEFA.EUROPA,605,291548,4,0,4,2,0,0,0,1,0,0,1,0,0,0,6,2025-11-11 06:09:17
13688,2025,UEFA.EUROPA,107,291560,2,0,2,0,0,0,0,0,2,0,1,0,0,0,2,2025-11-11 06:09:10
13688,2025,UEFA.EUROPA,393,291638,4,0,3,9,0,0,0,0,0,2,4,0,0,0,5,2025-11-11 06:09:17
13688,2025,UEFA.EUROPA,153,291665,2,2,1,0,1,0,0,0,0,0,1,0,0,0,1,2025-11-11 06:09:13
13688,2025,UEFA.EUROPA,2790,291669,4,2,8,1,1,0,0,0,1,2,8,2,0,0,3,2025-11-11 06:09:18
13688,2025,UEFA.EUROPA,153,291730,4,0,7,4,1,0,0,1,0,3,8,0,0,0,5,2025-11-11 06:09:13
13688,2025,UEFA.EUROPA,989,291976,4,3,3,1,0,0,0,0,2,1,4,0,0,0,2,2025-11-11 06:09:12
13688,2025,UEFA.EUROPA,2290,292259,4,3,1,1,0,0,0,0,1,1,6,0,0,0,3,2025-11-11 06:09:19
13688,2025,UEFA.EUROPA,437,292268,4,1,2,6,0,0,0,0,3,2,9,1,0,0,2,2025-11-11 06:09:12
13688,2025,UEFA.EUROPA,2502,292769,2,0,1,3,0,0,0,1,0,0,1,0,0,0,5,2025-11-11 06:09:17
13688,2025,UEFA.EUROPA,256,293691,1,0,1,1,0,0,0,0,0,0,0,0,0,0,1,2025-11-11 06:09:11
13688,2025,UEFA.EUROPA,3746,293872,3,0,9,5,0,1,0,0,2,1,1,0,0,0,4,2025-11-11 06:09:20
13688,2025,UEFA.EUROPA,524,294276,4,1,1,1,0,0,0,0,0,0,1,0,0,0,6,2025-11-11 06:09:16
13688,2025,UEFA.EUROPA,620,295848,4,0,10,6,0,0,0,0,0,1,6,1,0,0,2,2025-11-11 06:09:20
13688,2025,UEFA.EUROPA,393,296321,2,1,3,3,0,0,0,0,1,0,1,0,0,0,1,2025-11-11 06:09:17
13688,2025,UEFA.EUROPA,393,297157,1,1,1,4,0,0,0,0,0,0,1,0,0,0,1,2025-11-11 06:09:17
13688,2025,UEFA.EUROPA,104,297300,3,2,1,1,0,0,0,0,0,0,1,0,0,0,1,2025-11-11 06:09:09
13688,2025,UEFA.EUROPA,572,297788,4,2,3,2,1,0,0,0,0,0,0,0,0,0,2,2025-11-11 06:09:12
13688,2025,UEFA.EUROPA,85,297829,2,0,3,3,2,0,0,1,0,0,2,0,0,0,3,2025-11-11 06:09:11
13688,2025,UEFA.EUROPA,620,298069,2,2,0,2,0,0,0,0,0,0,0,0,0,0,0,2025-11-11 06:09:20
13688,2025,UEFA.EUROPA,85,298343,1,0,0,1,0,0,0,0,0,0,0,0,0,0,1,2025-11-11 06:09:11
13688,2025,UEFA.EUROPA,393,298518,1,0,1,0,0,0,0,0,0,0,1,0,0,0,0,2025-11-11 06:09:17
13688,2025,UEFA.EUROPA,167,298522,4,3,1,2,0,0,0,0,1,0,2,0,0,0,0,2025-11-11 06:09:15
13688,2025,UEFA.EUROPA,622,299111,4,2,4,5,0,0,0,1,1,1,4,1,0,0,3,2025-11-11 06:09:14
13688,2025,UEFA.EUROPA,244,300912,4,2,2,4,0,0,0,0,0,3,6,1,0,0,2,2025-11-11 06:09:19
13688,2025,UEFA.EUROPA,622,301093,4,3,4,2,0,0,0,0,1,4,5,1,0,0,2,2025-11-11 06:09:14
13688,2025,UEFA.EUROPA,2720,301219,4,0,1,7,1,0,0,0,0,1,2,0,0,0,7,2025-11-11 06:09:16
13688,2025,UEFA.EUROPA,2994,301262,3,0,3,4,0,0,0,0,1,0,4,0,0,0,2,2025-11-11 06:09:10
13688,2025,UEFA.EUROPA,167,301354,4,1,2,5,1,0,0,0,0,2,3,1,0,0,2,2025-11-11 06:09:15
13688,2025,UEFA.EUROPA,2994,301417,4,0,1,0,0,0,0,0,0,0,0,0,0,0,4,2025-11-11 06:09:10
13688,2025,UEFA.EUROPA,244,301526,3,0,1,2,1,0,0,1,0,1,1,0,0,0,2,2025-11-11 06:09:19
13688,2025,UEFA.EUROPA,938,302434,4,0,2,4,1,0,0,0,3,5,12,2,0,0,3,2025-11-11 06:09:18
13688,2025,UEFA.EUROPA,3746,302669,2,1,0,0,0,0,0,0,0,0,0,0,0,0,0,2025-11-11 06:09:20
13688,2025,UEFA.EUROPA,2290,302793,4,0,2,8,0,0,0,0,0,0,0,0,0,0,5,2025-11-11 06:09:19
13688,2025,UEFA.EUROPA,572,303000,4,3,0,6,0,0,0,2,0,0,1,0,0,0,2,2025-11-11 06:09:12
13688,2025,UEFA.EUROPA,126,303031,2,0,1,2,0,0,0,1,0,3,4,1,0,0,1,2025-11-11 06:09:20
13688,2025,UEFA.EUROPA,257,303049,2,1,1,2,0,1,0,0,0,0,0,0,0,0,0,2025-11-11 06:09:19
13688,2025,UEFA.EUROPA,620,303280,2,2,2,0,0,0,0,0,0,1,2,0,0,0,0,2025-11-11 06:09:20
13688,2025,UEFA.EUROPA,167,303308,4,1,0,3,1,0,0,0,0,4,5,1,0,0,2,2025-11-11 06:09:15
13688,2025,UEFA.EUROPA,2790,303338,1,1,0,0,0,0,0,0,0,0,0,0,0,0,1,2025-11-11 06:09:18
13688,2025,UEFA.EUROPA,572,303464,4,0,6,6,0,0,0,0,2,4,6,0,0,0,2,2025-11-11 06:09:12
13688,2025,UEFA.EUROPA,3706,303498,1,1,0,0,0,0,0,0,0,0,0,0,0,0,0,2025-11-11 06:09:15
13688,2025,UEFA.EUROPA,256,303702,4,0,6,3,0,0,0,0,0,2,3,0,0,0,7,2025-11-11 06:09:11
13688,2025,UEFA.EUROPA,3746,303704,4,3,2,2,0,0,0,0,2,0,0,0,0,0,3,2025-11-11 06:09:20
13688,2025,UEFA.EUROPA,3706,303769,3,0,0,3,0,0,0,0,0,5,8,0,0,0,3,2025-11-11 06:09:15
13688,2025,UEFA.EUROPA,153,303790,2,1,2,1,1,0,0,0,0,0,2,0,0,0,2,2025-11-11 06:09:13
13688,2025,UEFA.EUROPA,2994,303808,4,3,6,2,0,0,0,0,1,2,3,0,0,0,0,2025-11-11 06:09:10
13688,2025,UEFA.EUROPA,484,303834,0,0,0,0,0,0,0,0,0,0,0,0,0,0,0,2025-11-11 06:09:13
13688,2025,UEFA.EUROPA,484,303929,3,0,1,2,1,0,0,1,0,0,3,0,0,0,7,2025-11-11 06:09:13
13688,2025,UEFA.EUROPA,989,303965,4,1,2,4,1,0,0,0,0,0,0,0,0,0,2,2025-11-11 06:09:12
13688,2025,UEFA.EUROPA,2790,304011,4,1,3,2,1,0,0,1,0,1,5,0,0,0,6,2025-11-11 06:09:18
13688,2025,UEFA.EUROPA,134,304019,4,1,2,9,0,0,0,0,0,2,8,0,0,0,4,2025-11-11 06:09:21
13688,2025,UEFA.EUROPA,2502,304151,4,0,5,7,0,0,0,0,1,3,8,2,0,0,9,2025-11-11 06:09:17
13688,2025,UEFA.EUROPA,256,304204,3,3,3,4,0,0,0,0,1,0,1,0,0,0,0,2025-11-11 06:09:11
13688,2025,UEFA.EUROPA,11706,304489,4,1,5,4,1,0,0,0,1,1,3,1,0,0,2,2025-11-11 06:09:21
13688,2025,UEFA.EUROPA,2722,304743,1,0,1,1,0,0,0,0,0,0,0,0,0,0,0,2025-11-11 06:09:21
13688,2025,UEFA.EUROPA,622,304752,4,0,6,2,1,0,0,0,0,0,2,0,0,0,4,2025-11-11 06:09:14
13688,2025,UEFA.EUROPA,362,304799,2,0,1,2,0,0,0,0,0,1,2,0,0,0,2,2025-11-11 06:09:10
13688,2025,UEFA.EUROPA,436,304866,4,0,6,4,3,0,0,0,0,0,1,0,0,0,4,2025-11-11 06:09:13
13688,2025,UEFA.EUROPA,3706,304868,4,0,4,2,0,0,0,2,0,0,0,0,0,0,5,2025-11-11 06:09:15
13688,2025,UEFA.EUROPA,437,304965,2,0,1,0,0,0,0,0,0,1,2,0,0,0,2,2025-11-11 06:09:12
13688,2025,UEFA.EUROPA,167,305545,4,2,4,3,1,0,0,1,1,2,2,0,0,0,0,2025-11-11 06:09:15
13688,2025,UEFA.EUROPA,436,305629,3,0,4,5,3,0,0,1,0,1,3,0,0,0,1,2025-11-11 06:09:13
13688,2025,UEFA.EUROPA,524,305653,3,3,1,0,0,0,0,0,0,0,1,0,0,0,0,2025-11-11 06:09:16
13688,2025,UEFA.EUROPA,153,305670,1,1,0,2,0,0,0,0,0,0,0,0,0,0,1,2025-11-11 06:09:13
13688,2025,UEFA.EUROPA,989,305683,3,0,1,1,0,0,0,0,0,0,0,0,0,0,3,2025-11-11 06:09:12
13688,2025,UEFA.EUROPA,484,305788,4,0,3,4,2,0,0,0,1,4,5,1,0,0,6,2025-11-11 06:09:13
13688,2025,UEFA.EUROPA,126,305957,4,0,8,4,0,0,0,0,5,2,7,1,0,0,2,2025-11-11 06:09:20
13688,2025,UEFA.EUROPA,2722,306033,4,0,2,3,2,0,0,0,0,2,7,0,0,0,10,2025-11-11 06:09:21
13688,2025,UEFA.EUROPA,2502,306557,4,3,1,3,0,0,0,0,0,2,3,1,0,0,1,2025-11-11 06:09:17
13688,2025,UEFA.EUROPA,597,306615,0,0,0,0,0,0,0,0,0,0,0,0,0,0,0,2025-11-11 06:09:11
13688,2025,UEFA.EUROPA,597,306647,4,1,6,6,2,0,0,1,2,5,8,2,0,0,3,2025-11-11 06:09:11
13688,2025,UEFA.EUROPA,142,306664,1,0,1,0,0,0,0,0,0,0,0,0,0,0,0,2025-11-11 06:09:14
13688,2025,UEFA.EUROPA,436,306789,3,0,1,3,1,0,0,0,0,4,8,3,0,0,3,2025-11-11 06:09:13
13688,2025,UEFA.EUROPA,167,306895,4,1,4,4,0,0,0,2,1,0,1,0,0,0,2,2025-11-11 06:09:15
13688,2025,UEFA.EUROPA,256,307098,0,0,0,0,0,0,0,0,0,0,0,0,0,0,0,2025-11-11 06:09:11
13688,2025,UEFA.EUROPA,524,307253,0,0,0,0,0,0,0,0,0,0,0,0,0,0,0,2025-11-11 06:09:16
13688,2025,UEFA.EUROPA,3706,307375,4,3,2,2,0,0,0,1,0,0,1,0,0,0,2,2025-11-11 06:09:15
13688,2025,UEFA.EUROPA,437,307381,4,2,3,4,1,0,0,0,1,4,8,0,0,0,2,2025-11-11 06:09:12
13688,2025,UEFA.EUROPA,257,307477,4,1,3,8,0,0,0,0,0,0,4,0,0,0,5,2025-11-11 06:09:19
13688,2025,UEFA.EUROPA,437,307601,2,0,3,2,0,0,0,0,0,1,1,0,0,0,1,2025-11-11 06:09:12
13688,2025,UEFA.EUROPA,2720,307800,2,0,0,0,0,0,0,0,0,0,0,0,0,7,2,2025-11-11 06:09:16
13688,2025,UEFA.EUROPA,2722,307893,4,1,6,1,1,0,0,0,0,3,7,2,0,0,8,2025-11-11 06:09:21
13688,2025,UEFA.EUROPA,622,307918,1,1,0,0,0,0,0,0,0,0,0,0,0,0,1,2025-11-11 06:09:14
13688,2025,UEFA.EUROPA,524,307919,2,1,1,0,0,0,0,0,0,0,1,0,0,0,4,2025-11-11 06:09:16
13688,2025,UEFA.EUROPA,13018,307922,4,0,2,9,2,0,0,0,2,5,12,0,0,0,9,2025-11-11 06:09:15
13688,2025,UEFA.EUROPA,484,308084,2,1,2,2,1,0,0,0,0,0,0,0,0,0,2,2025-11-11 06:09:13
13688,2025,UEFA.EUROPA,3706,308091,4,0,6,5,1,0,0,0,3,4,7,1,0,0,5,2025-11-11 06:09:15
13688,2025,UEFA.EUROPA,134,308461,4,0,11,1,1,0,0,1,0,2,5,0,0,0,4,2025-11-11 06:09:21
13688,2025,UEFA.EUROPA,989,308777,1,0,1,2,1,0,0,0,0,0,0,0,0,0,2,2025-11-11 06:09:12
13688,2025,UEFA.EUROPA,13018,308784,0,0,0,0,0,0,0,0,0,0,0,0,0,0,0,2025-11-11 06:09:15
13688,2025,UEFA.EUROPA,2720,308880,3,0,1,0,0,0,0,0,3,0,1,0,0,0,2,2025-11-11 06:09:16
13688,2025,UEFA.EUROPA,484,308955,3,0,4,2,1,0,0,0,0,0,1,0,0,0,4,2025-11-11 06:09:13
13688,2025,UEFA.EUROPA,107,309110,3,1,8,1,1,0,0,0,0,2,3,0,0,0,3,2025-11-11 06:09:10
13688,2025,UEFA.EUROPA,572,309111,1,1,0,0,0,0,0,0,0,0,0,0,0,0,0,2025-11-11 06:09:12
13688,2025,UEFA.EUROPA,11706,310027,4,3,5,2,1,0,0,0,0,1,4,0,0,0,1,2025-11-11 06:09:21
13688,2025,UEFA.EUROPA,2722,310194,1,0,1,1,0,0,0,0,0,0,2,0,0,0,1,2025-11-11 06:09:21
13688,2025,UEFA.EUROPA,3706,310450,0,0,0,0,0,0,0,0,0,0,0,0,0,0,0,2025-11-11 06:09:15
13688,2025,UEFA.EUROPA,362,310607,3,1,3,5,0,0,0,0,1,0,1,0,0,0,2,2025-11-11 06:09:10
13688,2025,UEFA.EUROPA,256,310802,2,1,1,0,1,0,0,0,0,0,0,0,0,0,1,2025-11-11 06:09:11
13688,2025,UEFA.EUROPA,13018,310813,0,0,0,0,0,0,0,0,0,0,0,0,0,0,0,2025-11-11 06:09:15
13688,2025,UEFA.EUROPA,126,310883,4,4,6,1,0,0,0,0,0,0,2,0,0,0,1,2025-11-11 06:09:20
13688,2025,UEFA.EUROPA,605,311428,4,0,6,10,0,0,0,0,1,6,8,2,0,0,6,2025-11-11 06:09:17
13688,2025,UEFA.EUROPA,85,311571,4,2,2,4,0,0,0,1,3,1,8,0,0,0,2,2025-11-11 06:09:11
13688,2025,UEFA.EUROPA,2720,312108,3,2,1,2,0,0,0,0,0,0,2,0,0,0,5,2025-11-11 06:09:16
13688,2025,UEFA.EUROPA,126,312112,3,3,3,0,0,0,0,0,0,0,1,0,0,0,0,2025-11-11 06:09:20
13688,2025,UEFA.EUROPA,3706,312142,1,1,0,0,0,0,0,0,0,0,0,0,0,0,0,2025-11-11 06:09:15
13688,2025,UEFA.EUROPA,85,312376,2,1,2,0,0,0,0,0,0,0,1,0,0,0,0,2025-11-11 06:09:11
13688,2025,UEFA.EUROPA,524,312660,0,0,0,0,0,0,0,0,0,0,0,0,0,0,0,2025-11-11 06:09:16
13688,2025,UEFA.EUROPA,524,312698,4,1,4,2,0,0,0,0,1,0,4,0,0,0,6,2025-11-11 06:09:16
13688,2025,UEFA.EUROPA,938,312807,3,1,1,0,0,0,0,1,0,1,4,0,0,0,2,2025-11-11 06:09:18
13688,2025,UEFA.EUROPA,989,312850,2,1,2,1,0,0,0,0,1,0,1,0,0,0,2,2025-11-11 06:09:12
13688,2025,UEFA.EUROPA,153,313006,0,0,0,0,0,0,0,0,0,0,0,0,0,0,0,2025-11-11 06:09:13
13688,2025,UEFA.EUROPA,142,313354,3,2,7,1,1,0,0,0,0,0,1,0,0,0,3,2025-11-11 06:09:14
13688,2025,UEFA.EUROPA,13018,313928,2,0,1,3,0,0,0,0,0,0,0,0,0,0,1,2025-11-11 06:09:15
13688,2025,UEFA.EUROPA,3706,313972,1,0,1,1,1,0,0,0,0,0,3,0,0,0,1,2025-11-11 06:09:15
13688,2025,UEFA.EUROPA,2720,314164,2,2,0,1,0,0,0,1,0,0,0,0,0,0,1,2025-11-11 06:09:16
13688,2025,UEFA.EUROPA,256,314177,4,2,2,3,0,0,0,1,0,2,3,0,0,0,5,2025-11-11 06:09:11
13688,2025,UEFA.EUROPA,524,314784,4,0,3,4,2,0,0,0,0,2,3,0,0,0,8,2025-11-11 06:09:16
13688,2025,UEFA.EUROPA,989,314847,3,0,4,3,0,0,0,0,0,1,3,0,0,0,4,2025-11-11 06:09:12
13688,2025,UEFA.EUROPA,597,315381,4,4,2,3,0,0,0,1,0,4,5,1,0,0,0,2025-11-11 06:09:11
13688,2025,UEFA.EUROPA,938,315600,4,2,3,2,0,0,0,0,1,2,3,1,0,0,2,2025-11-11 06:09:18
13688,2025,UEFA.EUROPA,572,315668,3,1,5,1,0,0,0,1,0,2,6,0,0,0,1,2025-11-11 06:09:12
13688,2025,UEFA.EUROPA,938,315675,4,4,5,1,0,0,0,0,0,0,0,0,0,0,1,2025-11-11 06:09:18
13688,2025,UEFA.EUROPA,2720,315679,4,0,4,8,1,0,0,1,0,2,4,0,0,0,7,2025-11-11 06:09:16
13688,2025,UEFA.EUROPA,153,315705,1,0,1,0,0,0,0,0,0,0,0,0,0,0,1,2025-11-11 06:09:13
13688,2025,UEFA.EUROPA,572,316526,4,2,6,0,0,0,0,0,0,0,0,0,0,0,2,2025-11-11 06:09:12
13688,2025,UEFA.EUROPA,3746,318018,0,0,0,0,0,0,0,0,0,0,0,0,0,0,0,2025-11-11 06:09:20
13688,2025,UEFA.EUROPA,256,318052,2,1,1,3,0,0,0,0,0,2,6,0,0,0,4,2025-11-11 06:09:11
13688,2025,UEFA.EUROPA,524,318207,4,1,4,5,0,0,0,0,0,1,4,0,0,0,4,2025-11-11 06:09:16
13688,2025,UEFA.EUROPA,3706,318573,1,1,0,0,0,0,0,0,0,0,0,0,0,0,1,2025-11-11 06:09:15
13688,2025,UEFA.EUROPA,166,318577,1,0,1,0,0,0,0,0,0,0,0,0,0,0,3,2025-11-11 06:09:15
13688,2025,UEFA.EUROPA,2722,318778,1,1,0,0,0,0,0,0,1,0,0,0,0,0,0,2025-08-31 05:05:27
13688,2025,UEFA.EUROPA,166,318779,4,2,1,1,0,0,0,0,0,1,2,1,0,0,2,2025-11-11 06:09:15
13688,2025,UEFA.EUROPA,85,319114,3,3,1,2,0,0,0,0,0,0,2,0,0,0,0,2025-11-11 06:09:11
13688,2025,UEFA.EUROPA,2502,319161,4,2,3,7,1,0,0,0,0,0,4,0,0,0,6,2025-11-11 06:09:17
13688,2025,UEFA.EUROPA,3746,319174,1,1,0,0,0,0,0,0,0,0,0,0,0,0,1,2025-11-11 06:09:20
13688,2025,UEFA.EUROPA,153,319262,2,1,2,1,0,0,0,0,0,0,0,0,0,0,1,2025-11-11 06:09:13
13688,2025,UEFA.EUROPA,2994,319267,4,0,0,1,0,0,0,0,0,0,0,0,0,11,4,2025-11-11 06:09:10
13688,2025,UEFA.EUROPA,3746,319273,0,0,0,0,0,0,0,0,0,0,0,0,0,0,0,2025-11-11 06:09:20
13688,2025,UEFA.EUROPA,142,319296,4,1,1,2,1,0,0,0,0,2,5,0,0,0,4,2025-11-11 06:09:14
13688,2025,UEFA.EUROPA,2722,319404,2,0,9,0,1,0,1,0,1,1,3,0,0,4,3,2025-08-31 05:05:27
13688,2025,UEFA.EUROPA,257,319987,2,0,1,4,0,0,0,0,0,0,0,0,0,0,4,2025-11-11 06:09:19
13688,2025,UEFA.EUROPA,393,320074,2,0,5,2,0,0,0,1,0,0,1,0,0,0,1,2025-11-11 06:09:17
13688,2025,UEFA.EUROPA,11706,320391,4,0,3,3,1,0,0,1,0,2,5,0,0,0,2,2025-11-11 06:09:21
13688,2025,UEFA.EUROPA,620,320656,2,1,1,0,0,0,0,0,1,0,1,0,0,0,0,2025-11-11 06:09:20
13688,2025,UEFA.EUROPA,572,320879,2,0,0,1,0,0,0,1,0,0,2,0,0,0,2,2025-11-11 06:09:12
13688,2025,UEFA.EUROPA,436,320982,4,0,3,4,0,0,0,0,0,0,0,0,0,0,4,2025-11-11 06:09:13
13688,2025,UEFA.EUROPA,126,321064,4,0,0,0,0,0,0,0,0,0,0,0,0,10,3,2025-11-11 06:09:20
13688,2025,UEFA.EUROPA,2790,321098,1,0,1,1,1,0,0,0,0,0,1,0,0,0,2,2025-11-11 06:09:18
13688,2025,UEFA.EUROPA,153,321347,4,0,6,2,1,0,0,0,0,0,0,0,0,0,5,2025-11-11 06:09:13
13688,2025,UEFA.EUROPA,620,321407,4,1,1,3,0,0,0,0,0,0,6,0,0,0,1,2025-11-11 06:09:20
13688,2025,UEFA.EUROPA,524,321880,4,0,0,3,0,0,0,0,0,0,0,0,0,13,8,2025-11-11 06:09:16
13688,2025,UEFA.EUROPA,989,322209,4,1,7,1,1,0,0,0,0,0,3,0,0,0,5,2025-11-11 06:09:12
13688,2025,UEFA.EUROPA,11706,322226,4,4,0,1,0,0,0,0,0,0,0,0,0,0,1,2025-11-11 06:09:21
13688,2025,UEFA.EUROPA,622,322289,1,0,3,4,0,0,0,0,0,0,0,0,0,0,1,2025-11-11 06:09:14
13688,2025,UEFA.EUROPA,524,322315,2,1,3,2,0,0,0,1,0,0,0,0,0,0,4,2025-11-11 06:09:16
13688,2025,UEFA.EUROPA,622,322421,3,1,2,1,1,0,0,2,2,3,5,1,0,0,1,2025-11-11 06:09:14
13688,2025,UEFA.EUROPA,85,322652,2,1,4,2,2,0,0,0,0,3,3,1,0,0,2,2025-11-11 06:09:11
13688,2025,UEFA.EUROPA,257,322732,0,0,0,0,0,0,0,0,0,0,0,0,0,0,0,2025-11-11 06:09:19
13688,2025,UEFA.EUROPA,484,322756,2,1,0,3,0,0,0,0,0,0,0,0,0,0,3,2025-11-11 06:09:13
13688,2025,UEFA.EUROPA,622,322764,3,0,2,3,0,1,0,0,0,2,2,0,0,0,4,2025-11-11 06:09:14
13688,2025,UEFA.EUROPA,436,322813,4,3,2,1,2,0,0,0,0,0,0,0,0,0,1,2025-11-11 06:09:13
13688,2025,UEFA.EUROPA,244,322908,2,1,1,4,0,0,0,0,0,0,0,0,0,0,0,2025-11-11 06:09:19
13688,2025,UEFA.EUROPA,13018,323024,4,0,5,6,0,0,0,0,0,3,9,2,0,0,8,2025-11-11 06:09:15
13688,2025,UEFA.EUROPA,107,323118,3,2,1,0,0,0,0,0,0,0,1,0,0,0,0,2025-11-11 06:09:10
13688,2025,UEFA.EUROPA,166,323173,1,0,2,2,0,0,0,0,0,0,1,0,0,0,1,2025-11-11 06:09:15
13688,2025,UEFA.EUROPA,11706,323283,0,0,0,0,0,0,0,0,0,0,0,0,0,0,0,2025-11-11 06:09:21
13688,2025,UEFA.EUROPA,524,323286,4,0,7,11,1,0,0,0,1,1,3,0,0,0,8,2025-11-11 06:09:16
13688,2025,UEFA.EUROPA,443,323725,4,1,2,7,0,0,0,0,0,3,9,3,0,0,4,2025-11-11 06:09:18
13688,2025,UEFA.EUROPA,989,323778,0,0,0,0,0,0,0,0,0,0,0,0,0,0,0,2025-11-11 06:09:12
13688,2025,UEFA.EUROPA,104,323807,4,0,5,5,1,0,0,0,0,1,2,0,0,0,4,2025-11-11 06:09:09
13688,2025,UEFA.EUROPA,597,323936,2,2,0,0,0,0,0,0,0,0,1,0,0,0,0,2025-11-11 06:09:11
13688,2025,UEFA.EUROPA,104,323974,4,0,1,9,0,0,0,0,0,6,14,1,0,0,3,2025-11-11 06:09:09
13688,2025,UEFA.EUROPA,2290,324008,4,0,3,4,0,0,0,0,0,1,3,0,0,0,5,2025-11-11 06:09:19
13688,2025,UEFA.EUROPA,443,324043,3,3,0,2,0,0,0,0,0,0,4,0,0,0,2,2025-11-11 06:09:18
13688,2025,UEFA.EUROPA,524,324341,4,0,7,4,0,0,0,0,0,0,0,0,0,0,8,2025-11-11 06:09:16
13688,2025,UEFA.EUROPA,2722,324657,4,1,6,2,0,0,0,0,0,0,1,0,0,0,10,2025-11-11 06:09:21
13688,2025,UEFA.EUROPA,2290,324802,4,0,4,7,1,0,0,1,0,0,3,0,0,0,5,2025-11-11 06:09:19
13688,2025,UEFA.EUROPA,2994,324930,4,0,7,3,1,0,0,0,0,1,2,0,0,0,4,2025-11-11 06:09:10
13688,2025,UEFA.EUROPA,2722,324932,2,1,1,0,0,0,0,0,0,2,4,0,0,0,2,2025-08-31 05:05:27
13688,2025,UEFA.EUROPA,2994,324992,0,0,0,0,0,0,0,0,0,0,0,0,0,0,0,2025-11-11 06:09:10
13688,2025,UEFA.EUROPA,938,325024,2,0,2,6,1,0,0,0,1,1,4,0,0,0,1,2025-11-11 06:09:18
13688,2025,UEFA.EUROPA,153,325549,2,1,1,1,0,0,0,0,0,0,0,0,0,0,1,2025-11-11 06:09:13
13688,2025,UEFA.EUROPA,2994,326029,4,1,0,3,0,0,0,1,0,0,2,0,0,0,4,2025-11-11 06:09:10
13688,2025,UEFA.EUROPA,257,326077,4,4,3,1,0,0,0,0,0,0,1,0,0,0,1,2025-11-11 06:09:19
13688,2025,UEFA.EUROPA,11706,326596,4,0,4,16,1,0,0,0,0,1,4,0,0,0,2,2025-11-11 06:09:21
13688,2025,UEFA.EUROPA,620,326637,2,0,3,1,1,0,0,0,0,2,6,2,0,0,2,2025-11-11 06:09:20
13688,2025,UEFA.EUROPA,142,328541,2,1,3,1,0,0,0,0,0,0,1,0,0,0,1,2025-11-11 06:09:14
13688,2025,UEFA.EUROPA,572,328742,4,1,5,8,1,0,0,0,0,0,2,0,0,0,2,2025-11-11 06:09:12
13688,2025,UEFA.EUROPA,436,329486,4,1,2,4,0,0,0,0,1,1,5,0,0,0,3,2025-11-11 06:09:13
13688,2025,UEFA.EUROPA,2790,329486,2,0,2,1,0,0,0,0,1,0,1,0,0,0,3,2025-10-07 05:25:16
13688,2025,UEFA.EUROPA,2720,330239,4,0,4,2,0,0,0,0,1,4,9,0,0,0,6,2025-11-11 06:09:16
13688,2025,UEFA.EUROPA,989,330409,0,0,0,0,0,0,0,0,0,0,0,0,0,0,0,2025-11-11 06:09:12
13688,2025,UEFA.EUROPA,244,331426,4,1,4,1,0,0,0,0,0,0,0,0,0,0,2,2025-11-11 06:09:19
13688,2025,UEFA.EUROPA,85,331586,3,2,2,3,0,0,0,1,0,2,4,0,0,0,2,2025-11-11 06:09:11
13688,2025,UEFA.EUROPA,104,332354,3,1,2,10,0,0,0,0,0,1,2,0,0,0,3,2025-11-11 06:09:09
13688,2025,UEFA.EUROPA,142,332362,2,0,2,5,0,0,0,0,2,0,3,0,0,0,1,2025-11-11 06:09:14
13688,2025,UEFA.EUROPA,134,332574,3,1,2,3,0,0,0,0,0,0,2,0,0,0,4,2025-11-11 06:09:21
13688,2025,UEFA.EUROPA,989,333257,4,3,1,1,1,0,0,0,0,2,4,1,0,0,3,2025-11-11 06:09:12
13688,2025,UEFA.EUROPA,166,333319,1,0,3,1,1,0,0,0,0,0,2,0,0,0,3,2025-11-11 06:09:15
13688,2025,UEFA.EUROPA,2722,333320,2,1,1,1,0,0,0,0,0,0,1,0,0,0,2,2025-08-31 05:05:27
13688,2025,UEFA.EUROPA,572,333739,0,0,0,0,0,0,0,0,0,0,0,0,0,0,0,2025-11-11 06:09:12
13688,2025,UEFA.EUROPA,85,334111,2,0,0,0,0,0,0,0,1,0,1,0,0,0,1,2025-11-11 06:09:11
13688,2025,UEFA.EUROPA,2790,334332,0,0,0,0,0,0,0,0,0,0,0,0,0,0,0,2025-11-11 06:09:18
13688,2025,UEFA.EUROPA,3706,334352,0,0,0,0,0,0,0,0,0,0,0,0,0,0,0,2025-11-11 06:09:15
13688,2025,UEFA.EUROPA,2790,334814,0,0,0,0,0,0,0,0,0,0,0,0,0,0,0,2025-11-11 06:09:18
13688,2025,UEFA.EUROPA,484,335061,4,3,5,3,2,0,0,0,2,3,6,1,0,0,3,2025-11-11 06:09:13
13688,2025,UEFA.EUROPA,2790,336346,4,3,1,2,0,0,0,1,0,2,2,0,0,0,1,2025-11-11 06:09:18
13688,2025,UEFA.EUROPA,244,336480,4,0,6,1,0,0,0,0,0,0,0,0,0,0,2,2025-11-11 06:09:19
13688,2025,UEFA.EUROPA,134,336595,4,1,1,3,2,0,0,0,1,5,7,2,0,0,2,2025-11-11 06:09:21
13688,2025,UEFA.EUROPA,244,336809,2,2,0,0,1,0,0,0,0,1,2,0,0,0,0,2025-11-11 06:09:19
13688,2025,UEFA.EUROPA,524,336921,0,0,0,0,0,0,0,0,0,0,0,0,0,0,0,2025-11-11 06:09:16
13688,2025,UEFA.EUROPA,13018,336921,6,4,2,2,0,0,0,0,0,0,2,0,0,1,4,2025-08-31 05:05:21
13688,2025,UEFA.EUROPA,142,337084,3,0,1,4,1,0,0,0,0,1,1,1,0,0,4,2025-11-11 06:09:14
13688,2025,UEFA.EUROPA,11706,338199,4,0,4,6,0,0,0,1,1,1,3,0,0,0,2,2025-11-11 06:09:21
13688,2025,UEFA.EUROPA,3706,338861,4,1,2,3,0,0,0,0,0,2,7,2,0,0,4,2025-11-11 06:09:15
13688,2025,UEFA.EUROPA,393,338894,3,1,3,2,1,0,0,0,0,0,0,0,0,0,2,2025-11-11 06:09:17
13688,2025,UEFA.EUROPA,3746,340132,1,0,0,0,0,0,0,0,0,0,0,0,0,4,2,2025-11-11 06:09:20
13688,2025,UEFA.EUROPA,436,340186,0,0,0,0,0,0,0,0,0,0,0,0,0,0,0,2025-11-11 06:09:13
13688,2025,UEFA.EUROPA,257,340208,4,0,5,16,2,0,0,0,0,2,6,1,0,0,8,2025-11-11 06:09:19
13688,2025,UEFA.EUROPA,153,340232,1,1,0,1,0,0,0,0,0,0,0,0,0,0,0,2025-11-11 06:09:13
13688,2025,UEFA.EUROPA,989,340623,0,0,0,0,0,0,0,0,0,0,0,0,0,0,0,2025-11-11 06:09:12
13688,2025,UEFA.EUROPA,167,340645,3,1,1,3,0,0,0,0,2,2,5,0,0,0,0,2025-11-11 06:09:15
13688,2025,UEFA.EUROPA,153,340665,3,1,2,3,0,0,0,0,0,1,3,0,0,0,3,2025-11-11 06:09:13
13688,2025,UEFA.EUROPA,104,340705,0,0,0,0,0,0,0,0,0,0,0,0,0,0,0,2025-11-11 06:09:09
13688,2025,UEFA.EUROPA,85,341269,2,1,0,1,0,0,0,0,0,0,0,0,0,0,1,2025-11-11 06:09:11
13688,2025,UEFA.EUROPA,597,341418,4,4,0,1,0,0,0,0,0,1,4,0,0,0,0,2025-11-11 06:09:11
13688,2025,UEFA.EUROPA,2722,341446,2,1,2,0,1,0,0,0,1,1,3,0,0,1,2,2025-08-31 05:05:27
13688,2025,UEFA.EUROPA,989,341627,2,0,2,0,0,0,0,0,0,1,1,0,0,0,2,2025-11-11 06:09:12
13688,2025,UEFA.EUROPA,938,341710,0,0,0,0,0,0,0,0,0,0,0,0,0,0,0,2025-11-11 06:09:18
13688,2025,UEFA.EUROPA,142,341711,4,1,2,7,1,0,0,0,0,4,8,1,0,0,5,2025-11-11 06:09:14
13688,2025,UEFA.EUROPA,2722,341948,4,0,0,0,0,0,0,0,0,0,0,0,0,13,10,2025-11-11 06:09:21
13688,2025,UEFA.EUROPA,2790,342136,4,1,4,2,0,0,0,0,0,1,3,0,0,0,5,2025-11-11 06:09:18
13688,2025,UEFA.EUROPA,2290,342146,0,0,0,0,0,0,0,0,0,0,0,0,0,0,0,2025-11-11 06:09:19
13688,2025,UEFA.EUROPA,622,342858,4,2,5,4,0,0,0,1,0,1,3,0,0,0,3,2025-11-11 06:09:14
13688,2025,UEFA.EUROPA,142,343202,0,0,0,0,0,0,0,0,0,0,0,0,0,0,0,2025-11-11 06:09:14
13688,2025,UEFA.EUROPA,142,344195,0,0,0,0,0,0,0,0,0,0,0,0,0,0,0,2025-11-11 06:09:14
13688,2025,UEFA.EUROPA,2994,344843,4,0,3,3,0,0,0,1,0,0,1,0,0,0,2,2025-11-11 06:09:10
13688,2025,UEFA.EUROPA,572,344870,4,3,2,1,0,0,0,0,1,3,5,1,0,0,2,2025-11-11 06:09:12
13688,2025,UEFA.EUROPA,134,345115,4,1,1,5,0,0,0,0,0,2,10,1,0,0,2,2025-11-11 06:09:21
13688,2025,UEFA.EUROPA,622,345270,4,1,5,2,0,0,0,1,0,1,1,1,0,0,3,2025-11-11 06:09:14
13688,2025,UEFA.EUROPA,11706,345320,2,0,4,2,0,1,0,1,0,0,1,0,0,0,1,2025-11-11 06:09:21
13688,2025,UEFA.EUROPA,622,345322,1,1,0,0,0,0,0,0,0,0,0,0,0,0,0,2025-11-11 06:09:14
13688,2025,UEFA.EUROPA,989,345481,3,1,1,4,0,0,0,1,0,0,1,0,0,0,2,2025-11-11 06:09:12
13688,2025,UEFA.EUROPA,622,345485,0,0,0,0,0,0,0,0,0,0,0,0,0,0,0,2025-11-11 06:09:14
13688,2025,UEFA.EUROPA,142,345509,0,0,0,0,0,0,0,0,0,0,0,0,0,0,0,2025-11-11 06:09:14
13688,2025,UEFA.EUROPA,3746,345652,2,1,4,1,0,0,0,0,0,1,3,0,0,0,2,2025-11-11 06:09:20
13688,2025,UEFA.EUROPA,2290,345737,0,0,0,0,0,0,0,0,0,0,0,0,0,0,0,2025-11-11 06:09:19
13688,2025,UEFA.EUROPA,437,345752,2,0,4,2,2,0,0,0,0,1,3,0,0,0,2,2025-11-11 06:09:12
13688,2025,UEFA.EUROPA,572,345830,0,0,0,0,0,0,0,0,0,0,0,0,0,0,0,2025-11-11 06:09:12
13688,2025,UEFA.EUROPA,938,345959,3,2,0,2,0,0,0,0,0,0,0,0,0,0,1,2025-11-11 06:09:18
13688,2025,UEFA.EUROPA,166,345988,3,1,3,3,1,0,0,0,1,0,2,0,0,0,1,2025-11-11 06:09:15
13688,2025,UEFA.EUROPA,437,346111,3,2,4,2,2,0,0,0,0,0,0,0,0,0,1,2025-11-11 06:09:12
13688,2025,UEFA.EUROPA,2720,346284,2,2,2,0,0,0,0,0,0,0,1,0,0,0,1,2025-11-11 06:09:16
13688,2025,UEFA.EUROPA,3746,346376,3,0,2,0,1,0,0,0,0,0,2,0,0,0,2,2025-11-11 06:09:20
13688,2025,UEFA.EUROPA,938,346609,4,0,5,3,0,0,0,0,0,0,0,0,0,0,4,2025-11-11 06:09:18
13688,2025,UEFA.EUROPA,126,346619,4,3,3,3,0,0,0,0,0,6,9,1,0,0,2,2025-11-11 06:09:20
13688,2025,UEFA.EUROPA,938,346679,0,0,0,0,0,0,0,0,0,0,0,0,0,0,0,2025-11-11 06:09:18
13688,2025,UEFA.EUROPA,2790,346749,2,1,1,0,0,0,0,0,0,0,0,0,0,0,3,2025-11-11 06:09:18
13688,2025,UEFA.EUROPA,257,346819,4,0,7,3,0,0,0,0,3,5,9,0,0,0,7,2025-11-11 06:09:19
13688,2025,UEFA.EUROPA,166,346844,3,0,0,12,0,0,0,1,0,0,2,0,0,0,4,2025-11-11 06:09:15
13688,2025,UEFA.EUROPA,938,346936,0,0,0,0,0,0,0,0,0,0,0,0,0,0,0,2025-11-11 06:09:18
13688,2025,UEFA.EUROPA,3706,346985,2,2,2,0,1,0,0,0,0,0,0,0,0,0,0,2025-11-11 06:09:15
13688,2025,UEFA.EUROPA,3706,347026,2,2,1,0,0,0,0,0,0,0,0,0,0,0,0,2025-11-11 06:09:15
13688,2025,UEFA.EUROPA,2994,347073,0,0,0,0,0,0,0,0,0,0,0,0,0,0,0,2025-11-11 06:09:10
13688,2025,UEFA.EUROPA,2994,347459,2,2,0,0,0,0,0,0,0,3,3,1,0,0,2,2025-11-11 06:09:10
13688,2025,UEFA.EUROPA,393,348303,1,1,0,1,0,0,0,0,0,0,0,0,0,0,0,2025-11-11 06:09:17
13688,2025,UEFA.EUROPA,437,350513,3,1,2,3,0,0,0,0,0,3,6,0,0,0,2,2025-11-11 06:09:12
13688,2025,UEFA.EUROPA,2790,350646,4,1,4,1,1,0,0,1,1,0,3,0,0,0,5,2025-11-11 06:09:18
13688,2025,UEFA.EUROPA,256,350711,1,0,0,3,0,0,0,0,0,0,0,0,0,0,1,2025-11-11 06:09:11
13688,2025,UEFA.EUROPA,393,351250,0,0,0,0,0,0,0,0,0,0,0,0,0,0,0,2025-11-11 06:09:17
13688,2025,UEFA.EUROPA,244,351801,0,0,0,0,0,0,0,0,0,0,0,0,0,0,0,2025-11-11 06:09:19
13688,2025,UEFA.EUROPA,13018,352649,3,0,4,4,1,0,0,0,0,0,7,0,0,0,4,2025-11-11 06:09:15
13688,2025,UEFA.EUROPA,257,352820,4,0,2,1,0,0,0,0,0,0,0,0,0,0,8,2025-11-11 06:09:19
13688,2025,UEFA.EUROPA,85,353736,2,0,2,1,0,0,0,0,1,0,4,0,0,0,1,2025-11-11 06:09:11
13688,2025,UEFA.EUROPA,257,354402,0,0,0,0,0,0,0,0,0,0,0,0,0,0,0,2025-11-11 06:09:19
13688,2025,UEFA.EUROPA,2290,355246,0,0,0,0,0,0,0,0,0,0,0,0,0,0,0,2025-11-11 06:09:19
13688,2025,UEFA.EUROPA,142,355487,3,2,2,1,0,0,0,0,0,1,2,0,0,0,3,2025-11-11 06:09:14
13688,2025,UEFA.EUROPA,484,356054,0,0,0,0,0,0,0,0,0,0,0,0,0,0,0,2025-11-11 06:09:13
13688,2025,UEFA.EUROPA,362,356080,0,0,0,0,0,0,0,0,0,0,0,0,0,0,0,2025-11-11 06:09:10
13688,2025,UEFA.EUROPA,2722,356943,3,2,1,2,0,0,0,1,0,0,0,0,0,0,2,2025-11-11 06:09:21
13688,2025,UEFA.EUROPA,620,356990,0,0,0,0,0,0,0,0,0,0,0,0,0,0,0,2025-11-11 06:09:20
13688,2025,UEFA.EUROPA,2502,357205,2,0,2,2,0,0,1,0,0,0,1,0,0,0,4,2025-11-11 06:09:17
13688,2025,UEFA.EUROPA,2502,357425,0,0,0,0,0,0,0,0,0,0,0,0,0,0,0,2025-11-11 06:09:17
13688,2025,UEFA.EUROPA,437,357698,1,0,1,0,0,0,0,0,0,0,2,0,0,0,1,2025-11-11 06:09:12
13688,2025,UEFA.EUROPA,2790,357735,2,2,0,0,0,0,0,0,0,1,1,0,0,0,0,2025-11-11 06:09:18
13688,2025,UEFA.EUROPA,2790,357736,4,0,3,8,0,0,0,0,0,1,4,0,0,0,6,2025-11-11 06:09:18
13688,2025,UEFA.EUROPA,938,357801,4,2,2,4,0,0,0,2,1,2,3,0,0,0,2,2025-11-11 06:09:18
13688,2025,UEFA.EUROPA,572,357804,4,1,4,3,1,0,0,0,0,2,4,2,0,0,2,2025-11-11 06:09:12
13688,2025,UEFA.EUROPA,11706,358249,4,0,8,4,2,0,0,0,3,3,5,2,0,0,1,2025-11-11 06:09:21
13688,2025,UEFA.EUROPA,2502,358975,0,0,0,0,0,0,0,0,0,0,0,0,0,0,0,2025-11-11 06:09:17
13688,2025,UEFA.EUROPA,166,358999,4,1,5,6,0,0,0,0,2,7,13,3,0,0,5,2025-11-11 06:09:15
13688,2025,UEFA.EUROPA,166,359651,4,2,1,3,1,0,0,1,1,4,9,0,0,0,6,2025-11-11 06:09:15
13688,2025,UEFA.EUROPA,3746,359714,3,3,2,0,0,0,0,0,0,1,2,0,0,0,1,2025-11-11 06:09:20
13688,2025,UEFA.EUROPA,2720,360023,2,1,2,5,0,1,0,0,0,0,2,0,0,0,5,2025-11-11 06:09:16
13688,2025,UEFA.EUROPA,622,360149,3,1,5,3,0,0,0,1,0,0,2,0,0,0,2,2025-11-11 06:09:14
13688,2025,UEFA.EUROPA,104,360235,3,3,5,2,0,0,0,0,1,1,2,0,0,0,1,2025-11-11 06:09:09
13688,2025,UEFA.EUROPA,167,361258,3,3,1,2,1,0,0,0,0,3,4,1,0,0,0,2025-11-11 06:09:15
13688,2025,UEFA.EUROPA,142,361267,1,0,0,0,0,0,0,0,0,0,0,0,0,0,0,2025-11-11 06:09:14
13688,2025,UEFA.EUROPA,437,361299,0,0,0,0,0,0,0,0,0,0,0,0,0,0,0,2025-11-11 06:09:12
13688,2025,UEFA.EUROPA,2994,361468,1,0,2,0,0,0,0,0,0,0,0,0,0,0,0,2025-11-11 06:09:10
13688,2025,UEFA.EUROPA,620,361818,4,0,3,0,1,0,0,0,0,0,1,0,0,0,2,2025-11-11 06:09:20
13688,2025,UEFA.EUROPA,597,362058,0,0,0,0,0,0,0,0,0,0,0,0,0,0,0,2025-11-11 06:09:11
13688,2025,UEFA.EUROPA,2502,362061,4,1,2,2,2,0,0,0,0,0,2,0,0,0,6,2025-11-11 06:09:17
13688,2025,UEFA.EUROPA,2290,362298,2,2,1,0,0,0,0,0,0,0,0,0,0,0,0,2025-11-11 06:09:19
13688,2025,UEFA.EUROPA,989,362407,0,0,0,0,0,0,0,0,0,0,0,0,0,0,0,2025-11-11 06:09:12
13688,2025,UEFA.EUROPA,2722,362498,4,4,1,0,0,0,0,0,0,0,1,0,0,0,4,2025-11-11 06:09:21
13688,2025,UEFA.EUROPA,524,362655,0,0,0,0,0,0,0,0,0,0,0,0,0,0,0,2025-11-11 06:09:16
13688,2025,UEFA.EUROPA,524,362656,0,0,0,0,0,0,0,0,0,0,0,0,0,0,0,2025-11-11 06:09:16
13688,2025,UEFA.EUROPA,3746,362824,3,0,5,11,0,0,0,1,0,0,1,0,0,0,1,2025-11-11 06:09:20
13688,2025,UEFA.EUROPA,3746,362926,3,3,2,1,0,0,0,0,0,0,0,0,0,0,2,2025-11-11 06:09:20
13688,2025,UEFA.EUROPA,620,363067,4,1,3,2,0,0,0,0,2,0,1,0,0,0,2,2025-11-11 06:09:20
13688,2025,UEFA.EUROPA,622,363445,1,0,0,0,0,0,0,0,0,0,0,0,0,0,1,2025-11-11 06:09:14
13688,2025,UEFA.EUROPA,524,363557,3,1,2,0,1,0,0,0,0,0,1,0,0,0,3,2025-11-11 06:09:16
13688,2025,UEFA.EUROPA,13018,364006,4,2,1,1,0,0,0,0,2,2,7,1,0,0,4,2025-11-11 06:09:15
13688,2025,UEFA.EUROPA,2722,364137,0,0,0,0,0,0,0,0,0,0,0,0,0,0,0,2025-08-31 05:05:27
13688,2025,UEFA.EUROPA,938,364138,0,0,0,0,0,0,0,0,0,0,0,0,0,0,0,2025-11-11 06:09:18
13688,2025,UEFA.EUROPA,597,364169,4,0,0,1,0,0,0,0,0,0,0,0,0,0,6,2025-11-11 06:09:11
13688,2025,UEFA.EUROPA,104,364223,1,0,0,1,0,0,0,0,0,0,0,0,0,0,2,2025-11-11 06:09:09
13688,2025,UEFA.EUROPA,572,364585,4,1,2,5,1,0,0,0,5,5,9,3,0,0,1,2025-11-11 06:09:12
13688,2025,UEFA.EUROPA,126,364596,3,1,6,2,1,0,0,0,0,0,2,0,0,0,2,2025-11-11 06:09:20
13688,2025,UEFA.EUROPA,437,364642,0,0,0,0,0,0,0,0,0,0,0,0,0,0,0,2025-11-11 06:09:12
13688,2025,UEFA.EUROPA,437,364657,4,2,5,1,1,0,0,1,0,0,2,0,0,0,3,2025-11-11 06:09:12
13688,2025,UEFA.EUROPA,2994,364669,2,1,1,0,1,0,0,0,0,0,0,0,0,0,0,2025-11-11 06:09:10
13688,2025,UEFA.EUROPA,2720,364698,4,1,4,6,1,0,0,0,0,0,3,0,0,0,7,2025-11-11 06:09:16
13688,2025,UEFA.EUROPA,605,364735,0,0,0,0,0,0,0,0,0,0,0,0,0,0,0,2025-11-11 06:09:17
13688,2025,UEFA.EUROPA,437,364815,3,1,1,5,0,0,0,0,2,0,4,0,0,0,2,2025-11-11 06:09:12
13688,2025,UEFA.EUROPA,153,365021,4,0,5,5,2,0,0,0,0,0,1,0,0,0,4,2025-11-11 06:09:13
13688,2025,UEFA.EUROPA,257,365332,4,2,1,4,0,0,0,0,0,0,6,0,0,0,3,2025-11-11 06:09:19
13688,2025,UEFA.EUROPA,256,365343,1,1,0,1,0,0,0,0,0,1,1,0,0,0,0,2025-11-11 06:09:11
13688,2025,UEFA.EUROPA,989,365688,1,0,3,0,0,0,0,0,0,1,1,0,0,0,2,2025-11-11 06:09:12
13688,2025,UEFA.EUROPA,3746,365692,2,2,3,0,1,0,0,0,0,0,0,0,0,0,0,2025-11-11 06:09:20
13688,2025,UEFA.EUROPA,11706,365884,3,0,1,0,0,0,0,0,0,1,3,0,0,0,2,2025-11-11 06:09:21
13688,2025,UEFA.EUROPA,443,366063,0,0,0,0,0,0,0,0,0,0,0,0,0,0,0,2025-11-11 06:09:18
13688,2025,UEFA.EUROPA,938,366066,3,1,5,1,0,0,0,0,0,0,1,0,0,0,1,2025-11-11 06:09:18
13688,2025,UEFA.EUROPA,938,366071,2,2,1,1,0,0,0,0,0,0,0,0,0,0,0,2025-11-11 06:09:18
13688,2025,UEFA.EUROPA,524,366092,4,2,0,4,0,0,0,0,2,1,2,0,0,0,6,2025-11-11 06:09:16
13688,2025,UEFA.EUROPA,393,366236,0,0,0,0,0,0,0,0,0,0,0,0,0,0,0,2025-11-11 06:09:17
13688,2025,UEFA.EUROPA,393,366249,0,0,0,0,0,0,0,0,0,0,0,0,0,0,0,2025-11-11 06:09:17
13688,2025,UEFA.EUROPA,524,366252,2,1,1,1,0,0,0,0,1,1,2,1,0,0,4,2025-11-11 06:09:16
13688,2025,UEFA.EUROPA,989,366469,0,0,0,0,0,0,0,0,0,0,0,0,0,0,0,2025-11-11 06:09:12
13688,2025,UEFA.EUROPA,938,366842,1,1,1,0,1,0,0,0,0,0,0,0,0,0,2,2025-11-11 06:09:18
13688,2025,UEFA.EUROPA,126,367557,2,2,0,0,0,0,0,0,0,0,0,0,0,0,0,2025-11-11 06:09:20
13688,2025,UEFA.EUROPA,126,367558,3,1,2,4,1,0,0,0,0,0,0,0,0,0,3,2025-11-11 06:09:20
13688,2025,UEFA.EUROPA,2502,368014,0,0,0,0,0,0,0,0,0,0,0,0,0,0,0,2025-11-11 06:09:17
13688,2025,UEFA.EUROPA,257,368045,1,1,2,2,0,0,0,0,0,0,0,0,0,0,0,2025-11-11 06:09:19
13688,2025,UEFA.EUROPA,362,368316,0,0,0,0,0,0,0,0,0,0,0,0,0,0,0,2025-11-11 06:09:10
13688,2025,UEFA.EUROPA,622,368585,0,0,0,0,0,0,0,0,0,0,0,0,0,0,0,2025-11-11 06:09:14
13688,2025,UEFA.EUROPA,572,368628,2,1,1,1,1,0,0,1,0,1,2,1,0,0,0,2025-11-11 06:09:12
13688,2025,UEFA.EUROPA,362,369870,0,0,0,0,0,0,0,0,0,0,0,0,0,0,0,2025-11-11 06:09:10
13688,2025,UEFA.EUROPA,620,369878,0,0,0,0,0,0,0,0,0,0,0,0,0,0,0,2025-11-11 06:09:20
13688,2025,UEFA.EUROPA,572,370493,0,0,0,0,0,0,0,0,0,0,0,0,0,0,0,2025-11-11 06:09:12
13688,2025,UEFA.EUROPA,2502,370703,4,0,1,3,0,0,0,0,0,1,2,0,0,0,9,2025-11-11 06:09:17
13688,2025,UEFA.EUROPA,11706,370742,0,0,0,0,0,0,0,0,0,0,0,0,0,0,0,2025-11-11 06:09:21
13688,2025,UEFA.EUROPA,605,370751,0,0,0,0,0,0,0,0,0,0,0,0,0,0,0,2025-11-11 06:09:17
13688,2025,UEFA.EUROPA,597,370760,3,0,6,5,2,0,0,1,0,0,1,0,0,0,3,2025-11-11 06:09:11
13688,2025,UEFA.EUROPA,597,370762,4,0,3,2,0,0,0,0,1,1,2,1,0,0,6,2025-11-11 06:09:11
13688,2025,UEFA.EUROPA,2790,371500,3,0,4,0,0,0,0,0,0,0,1,0,0,0,6,2025-11-11 06:09:18
13688,2025,UEFA.EUROPA,134,372026,3,1,5,3,0,0,0,0,0,0,0,0,0,0,0,2025-11-11 06:09:21
13688,2025,UEFA.EUROPA,2790,372851,2,1,1,0,0,0,0,0,0,1,2,0,0,0,0,2025-11-11 06:09:18
13688,2025,UEFA.EUROPA,437,373520,4,2,3,4,1,0,0,0,0,0,5,0,0,0,2,2025-11-11 06:09:12
13688,2025,UEFA.EUROPA,166,373927,4,2,4,9,1,0,0,0,1,0,3,0,0,0,2,2025-11-11 06:09:15
13688,2025,UEFA.EUROPA,393,374133,0,0,0,0,0,0,0,0,0,0,0,0,0,0,0,2025-11-11 06:09:17
13688,2025,UEFA.EUROPA,2790,374530,1,0,0,0,0,0,0,0,0,0,0,0,0,2,0,2025-11-11 06:09:18
13688,2025,UEFA.EUROPA,3746,374533,1,0,2,0,0,0,0,0,0,0,0,0,0,0,0,2025-11-11 06:09:20
13688,2025,UEFA.EUROPA,393,375234,0,0,0,0,0,0,0,0,0,0,0,0,0,0,0,2025-11-11 06:09:17
13688,2025,UEFA.EUROPA,85,376147,3,1,5,2,0,0,0,0,0,0,0,0,0,0,2,2025-11-11 06:09:11
13688,2025,UEFA.EUROPA,257,376392,0,0,0,0,0,0,0,0,0,0,0,0,0,0,0,2025-09-27 05:16:15
13688,2025,UEFA.EUROPA,437,376664,4,3,3,2,1,0,0,0,0,3,6,2,0,0,2,2025-11-11 06:09:12
13688,2025,UEFA.EUROPA,2790,376683,1,0,1,0,0,0,0,0,0,0,1,0,0,0,0,2025-11-11 06:09:18
13688,2025,UEFA.EUROPA,3746,377693,0,0,0,0,0,0,0,0,0,0,0,0,0,0,0,2025-11-11 06:09:20
13688,2025,UEFA.EUROPA,362,377820,0,0,0,0,0,0,0,0,0,0,0,0,0,0,0,2025-11-11 06:09:10
13688,2025,UEFA.EUROPA,2722,379417,0,0,0,0,0,0,0,0,0,0,0,0,0,0,0,2025-08-31 05:05:27
13688,2025,UEFA.EUROPA,597,379705,0,0,0,0,0,0,0,0,0,0,0,0,0,0,0,2025-11-11 06:09:11
13688,2025,UEFA.EUROPA,2994,379945,0,0,0,0,0,0,0,0,0,0,0,0,0,0,0,2025-11-11 06:09:10
13688,2025,UEFA.EUROPA,2290,380416,0,0,0,0,0,0,0,0,0,0,0,0,0,0,0,2025-11-11 06:09:19
13688,2025,UEFA.EUROPA,13018,380422,0,0,0,0,0,0,0,0,0,0,0,0,0,0,0,2025-11-11 06:09:15
13688,2025,UEFA.EUROPA,989,381082,2,1,6,2,0,0,0,0,0,0,3,0,0,0,0,2025-11-11 06:09:12
13688,2025,UEFA.EUROPA,2720,381395,3,1,6,5,1,0,0,0,0,0,2,0,0,0,1,2025-11-11 06:09:16
13688,2025,UEFA.EUROPA,524,382110,4,2,8,0,0,0,0,0,0,2,3,0,0,0,3,2025-11-11 06:09:16
13688,2025,UEFA.EUROPA,620,383883,1,1,0,0,0,0,0,0,0,0,0,0,0,0,0,2025-11-11 06:09:20
13688,2025,UEFA.EUROPA,597,384415,1,1,0,0,0,0,0,0,0,0,0,0,0,0,0,2025-11-11 06:09:11
13688,2025,UEFA.EUROPA,597,384534,0,0,0,0,0,0,0,0,0,0,0,0,0,0,0,2025-11-11 06:09:11
13688,2025,UEFA.EUROPA,85,384643,1,1,1,0,0,0,0,0,0,0,0,0,0,0,0,2025-11-11 06:09:11
13688,2025,UEFA.EUROPA,167,384990,0,0,0,0,0,0,0,0,0,0,0,0,0,0,0,2025-11-11 06:09:15
13688,2025,UEFA.EUROPA,142,386880,0,0,0,0,0,0,0,0,0,0,0,0,0,0,0,2025-11-11 06:09:14
13688,2025,UEFA.EUROPA,126,386992,4,0,5,9,0,0,0,0,0,3,7,1,0,0,3,2025-11-11 06:09:20
13688,2025,UEFA.EUROPA,256,387200,3,1,3,2,0,0,0,1,0,1,3,0,0,0,2,2025-11-11 06:09:11
13688,2025,UEFA.EUROPA,437,387204,3,2,1,1,1,0,0,0,0,1,5,1,0,0,1,2025-11-11 06:09:12
13688,2025,UEFA.EUROPA,620,387292,0,0,0,0,0,0,0,0,0,0,0,0,0,0,0,2025-11-11 06:09:20
13688,2025,UEFA.EUROPA,126,387474,0,0,0,0,0,0,0,0,0,0,0,0,0,0,0,2025-11-11 06:09:20
13688,2025,UEFA.EUROPA,134,387489,3,0,2,3,1,0,0,0,0,3,7,0,0,0,1,2025-11-11 06:09:21
13688,2025,UEFA.EUROPA,13018,387744,1,1,0,0,0,0,0,0,0,0,0,0,0,0,1,2025-08-31 05:05:21
13688,2025,UEFA.EUROPA,13018,387748,0,0,0,0,0,0,0,0,0,0,0,0,0,0,0,2025-08-31 05:05:21
13688,2025,UEFA.EUROPA,13018,387749,0,0,0,0,0,0,0,0,0,0,0,0,0,0,0,2025-08-31 05:05:21
13688,2025,UEFA.EUROPA,11706,387861,4,2,7,3,1,0,0,0,1,2,6,1,0,0,2,2025-11-11 06:09:21
13688,2025,UEFA.EUROPA,11706,387869,0,0,0,0,0,0,0,0,0,0,0,0,0,0,0,2025-11-11 06:09:21
13688,2025,UEFA.EUROPA,11706,387874,1,1,2,0,0,0,0,0,0,0,0,0,0,0,0,2025-11-11 06:09:21
13688,2025,UEFA.EUROPA,443,387912,0,0,0,0,0,0,0,0,0,0,0,0,0,0,0,2025-11-11 06:09:18
13688,2025,UEFA.EUROPA,938,387927,0,0,0,0,0,0,0,0,0,0,0,0,0,0,0,2025-11-11 06:09:18
13688,2025,UEFA.EUROPA,622,387997,4,0,2,3,2,0,0,0,0,0,0,0,0,0,4,2025-11-11 06:09:14
13688,2025,UEFA.EUROPA,393,388024,3,2,2,3,0,0,0,0,0,0,1,0,0,0,1,2025-11-11 06:09:17
13688,2025,UEFA.EUROPA,597,388284,3,0,4,1,1,0,1,0,0,1,3,0,0,0,5,2025-11-11 06:09:11
13688,2025,UEFA.EUROPA,142,388327,2,1,3,0,0,0,0,2,0,0,1,0,0,0,2,2025-11-11 06:09:14
13688,2025,UEFA.EUROPA,3746,388521,4,3,5,3,0,0,0,0,1,1,2,0,0,0,3,2025-11-11 06:09:20
13688,2025,UEFA.EUROPA,167,388571,2,1,1,1,0,0,0,0,0,1,2,0,0,0,2,2025-11-11 06:09:15
13688,2025,UEFA.EUROPA,107,388880,0,0,0,0,0,0,0,0,0,0,0,0,0,0,0,2025-11-11 06:09:10
13688,2025,UEFA.EUROPA,11706,391012,2,0,3,1,1,0,0,0,1,1,1,1,0,0,1,2025-11-11 06:09:21
13688,2025,UEFA.EUROPA,2790,391034,3,1,3,7,0,0,0,0,0,3,12,0,0,0,3,2025-11-11 06:09:18
13688,2025,UEFA.EUROPA,572,392580,0,0,0,0,0,0,0,0,0,0,0,0,0,0,0,2025-11-11 06:09:12
13688,2025,UEFA.EUROPA,13018,392689,0,0,0,0,0,0,0,0,0,0,0,0,0,0,0,2025-11-11 06:09:15
13688,2025,UEFA.EUROPA,2790,392712,4,1,4,5,0,0,0,0,4,4,8,1,0,0,3,2025-11-11 06:09:18
13688,2025,UEFA.EUROPA,362,393425,0,0,0,0,0,0,0,0,0,0,0,0,0,0,0,2025-11-11 06:09:10
13688,2025,UEFA.EUROPA,2790,394700,1,1,0,0,0,0,0,0,0,0,0,0,0,0,0,2025-11-11 06:09:18
13688,2025,UEFA.EUROPA,166,394751,0,0,0,0,0,0,0,0,0,0,0,0,0,0,0,2025-11-11 06:09:15
13688,2025,UEFA.EUROPA,2722,395342,2,2,2,0,1,0,0,0,0,0,0,0,0,0,1,2025-11-11 06:09:21
13688,2025,UEFA.EUROPA,2722,395880,0,0,0,0,0,0,0,0,0,0,0,0,0,0,0,2025-11-11 06:09:21
13688,2025,UEFA.EUROPA,244,395941,2,1,1,0,0,0,0,0,0,0,0,0,0,0,2,2025-11-11 06:09:19
13688,2025,UEFA.EUROPA,436,396411,0,0,0,0,0,0,0,0,0,0,0,0,0,0,0,2025-11-11 06:09:13
13688,2025,UEFA.EUROPA,2502,396919,0,0,0,0,0,0,0,0,0,0,0,0,0,0,0,2025-11-11 06:09:17
13688,2025,UEFA.EUROPA,257,397291,0,0,0,0,0,0,0,0,0,0,0,0,0,0,0,2025-11-11 06:09:19
13688,2025,UEFA.EUROPA,2502,397592,1,1,0,0,0,0,0,0,0,0,0,0,0,0,0,2025-11-11 06:09:17
13688,2025,UEFA.EUROPA,104,398120,0,0,0,0,0,0,0,0,0,0,0,0,0,0,0,2025-11-11 06:09:09
13688,2025,UEFA.EUROPA,2994,398386,4,4,1,2,0,0,0,0,0,1,3,0,0,0,0,2025-11-11 06:09:10
13688,2025,UEFA.EUROPA,153,399048,0,0,0,0,0,0,0,0,0,0,0,0,0,0,0,2025-11-11 06:09:13
13688,2025,UEFA.EUROPA,104,399210,0,0,0,0,0,0,0,0,0,0,0,0,0,0,0,2025-11-11 06:09:09
13688,2025,UEFA.EUROPA,437,399216,0,0,0,0,0,0,0,0,0,0,0,0,0,0,0,2025-11-11 06:09:12
13688,2025,UEFA.EUROPA,244,399278,2,2,1,3,1,0,0,0,2,1,2,0,0,0,0,2025-11-11 06:09:19
13688,2025,UEFA.EUROPA,13018,399530,3,3,0,1,0,0,0,0,0,0,2,0,0,0,1,2025-11-11 06:09:15
13688,2025,UEFA.EUROPA,142,399714,0,0,0,0,0,0,0,0,0,0,0,0,0,0,0,2025-11-11 06:09:14
13688,2025,UEFA.EUROPA,166,400352,1,1,0,0,0,0,0,0,0,0,0,0,0,0,0,2025-11-11 06:09:15
13688,2025,UEFA.EUROPA,2994,400353,0,0,0,0,0,0,0,0,0,0,0,0,0,0,0,2025-11-11 06:09:10
13688,2025,UEFA.EUROPA,3706,400957,0,0,0,0,0,0,0,0,0,0,0,0,0,0,0,2025-11-11 06:09:15
13688,2025,UEFA.EUROPA,2290,400970,3,1,0,4,0,0,0,0,0,1,2,1,0,0,2,2025-11-11 06:09:19
13688,2025,UEFA.EUROPA,938,401002,0,0,0,0,0,0,0,0,0,0,0,0,0,0,0,2025-11-11 06:09:18
13688,2025,UEFA.EUROPA,167,401079,0,0,0,0,0,0,0,0,0,0,0,0,0,0,0,2025-11-11 06:09:15
13688,2025,UEFA.EUROPA,142,402344,1,0,3,0,0,0,0,0,0,0,3,0,0,0,1,2025-11-11 06:09:14
13688,2025,UEFA.EUROPA,622,402680,0,0,0,0,0,0,0,0,0,0,0,0,0,0,0,2025-11-11 06:09:14
13688,2025,UEFA.EUROPA,167,402948,4,0,10,9,0,0,0,1,0,1,4,0,0,0,2,2025-11-11 06:09:15
13688,2025,UEFA.EUROPA,167,402949,0,0,0,0,0,0,0,0,0,0,0,0,0,0,0,2025-11-11 06:09:15
13688,2025,UEFA.EUROPA,620,403145,1,1,1,0,0,0,0,0,0,0,1,0,0,0,0,2025-11-11 06:09:20
13688,2025,UEFA.EUROPA,2722,403832,0,0,0,0,0,0,0,0,0,0,0,0,0,0,0,2025-11-11 06:09:21
13688,2025,UEFA.EUROPA,2994,403877,1,1,0,0,0,0,0,0,0,0,0,0,0,0,0,2025-11-11 06:09:10
13688,2025,UEFA.EUROPA,2502,404832,0,0,0,0,0,0,0,0,0,0,0,0,0,0,0,2025-11-11 06:09:17
13688,2025,UEFA.EUROPA,989,406056,0,0,0,0,0,0,0,0,0,0,0,0,0,0,0,2025-11-11 06:09:12
13688,2025,UEFA.EUROPA,3706,406247,2,0,3,1,1,0,0,0,0,0,0,0,0,0,2,2025-11-11 06:09:15
13688,2025,UEFA.EUROPA,605,407472,0,0,0,0,0,0,0,0,0,0,0,0,0,0,0,2025-11-11 06:09:17
13688,2025,UEFA.EUROPA,605,407473,0,0,0,0,0,0,0,0,0,0,0,0,0,0,0,2025-11-11 06:09:17
13688,2025,UEFA.EUROPA,605,407474,0,0,0,0,0,0,0,0,0,0,0,0,0,0,0,2025-11-11 06:09:17
13688,2025,UEFA.EUROPA,13018,407496,0,0,0,0,0,0,0,0,0,0,0,0,0,0,0,2025-11-11 06:09:15
13688,2025,UEFA.EUROPA,13018,407498,0,0,0,0,0,0,0,0,0,0,0,0,0,0,0,2025-11-11 06:09:15
13688,2025,UEFA.EUROPA,2290,407628,0,0,0,0,0,0,0,0,0,0,0,0,0,0,0,2025-11-11 06:09:19
13688,2025,UEFA.EUROPA,134,408285,0,0,0,0,0,0,0,0,0,0,0,0,0,0,0,2025-11-11 06:09:21
13688,2025,UEFA.EUROPA,989,408313,2,2,0,1,0,0,0,0,0,0,0,0,0,0,0,2025-11-11 06:09:12
13688,2025,UEFA.EUROPA,167,408345,4,2,1,2,0,0,0,0,0,0,4,0,0,0,2,2025-11-11 06:09:15
13688,2025,UEFA.EUROPA,166,408359,1,0,0,0,0,0,0,0,0,0,1,0,0,0,1,2025-11-11 06:09:15
13688,2025,UEFA.EUROPA,167,408362,0,0,0,0,0,0,0,0,0,0,0,0,0,0,0,2025-11-11 06:09:15
13688,2025,UEFA.EUROPA,2290,408896,0,0,0,0,0,0,0,0,0,0,0,0,0,0,0,2025-11-11 06:09:19
13688,2025,UEFA.EUROPA,134,409213,0,0,0,0,0,0,0,0,0,0,0,0,0,0,0,2025-11-11 06:09:21
13688,2025,UEFA.EUROPA,2290,409461,1,1,0,1,0,0,0,0,0,0,1,0,0,0,0,2025-11-11 06:09:19
13688,2025,UEFA.EUROPA,85,409477,2,0,2,1,1,0,0,0,0,0,2,0,0,0,2,2025-11-11 06:09:11
13688,2025,UEFA.EUROPA,362,409811,0,0,0,0,0,0,0,0,0,0,0,0,0,0,0,2025-11-11 06:09:10
13688,2025,UEFA.EUROPA,597,409834,2,2,0,0,0,0,0,0,0,1,1,1,0,0,0,2025-11-11 06:09:11
13688,2025,UEFA.EUROPA,2722,409965,0,0,0,0,0,0,0,0,0,0,0,0,0,0,0,2025-11-11 06:09:21
13688,2025,UEFA.EUROPA,622,410811,0,0,0,0,0,0,0,0,0,0,0,0,0,0,0,2025-11-11 06:09:14
13688,2025,UEFA.EUROPA,3746,411273,0,0,0,0,0,0,0,0,0,0,0,0,0,0,0,2025-11-11 06:09:20
13688,2025,UEFA.EUROPA,244,411284,0,0,0,0,0,0,0,0,0,0,0,0,0,0,0,2025-11-11 06:09:19
13688,2025,UEFA.EUROPA,13018,411288,0,0,0,0,0,0,0,0,0,0,0,0,0,0,0,2025-11-11 06:09:15
13688,2025,UEFA.EUROPA,166,411321,0,0,0,0,0,0,0,0,0,0,0,0,0,0,0,2025-11-11 06:09:15
13688,2025,UEFA.EUROPA,443,411856,0,0,0,0,0,0,0,0,0,0,0,0,0,0,0,2025-11-11 06:09:18
13688,2025,UEFA.EUROPA,2994,413440,0,0,0,0,0,0,0,0,0,0,0,0,0,0,0,2025-11-11 06:09:10
13688,2025,UEFA.EUROPA,524,413448,1,1,0,0,0,0,0,0,0,0,0,0,0,0,0,2025-11-11 06:09:16
13688,2025,UEFA.EUROPA,2720,413449,0,0,0,0,0,0,0,0,0,0,0,0,0,0,0,2025-11-11 06:09:16
13688,2025,UEFA.EUROPA,2720,413450,0,0,0,0,0,0,0,0,0,0,0,0,0,0,0,2025-11-11 06:09:16
13688,2025,UEFA.EUROPA,13018,413451,0,0,0,0,0,0,0,0,0,0,0,0,0,0,0,2025-11-11 06:09:15
13688,2025,UEFA.EUROPA,2720,414477,0,0,0,0,0,0,0,0,0,0,0,0,0,0,0,2025-11-11 06:09:16
13688,2025,UEFA.EUROPA,11706,414481,0,0,0,0,0,0,0,0,0,0,0,0,0,0,0,2025-11-11 06:09:21
13688,2025,UEFA.EUROPA,11706,414482,0,0,0,0,0,0,0,0,0,0,0,0,0,0,0,2025-11-11 06:09:21
